PLAYER,TEAM,AGE,GP,W,L,MIN,PTS,FGM,FGA,FG%,3PM,3PA,3P%,FTM,FTA,FT%,OREB,DREB,REB,AST,TOV,STL,BLK,PF,FP,DD2,TD3,PL/M
Aaron Gordon,DEN,26,32,20,12,4,1.4,0.4,0.8,56,0.1,0.3,44.4,0.4,0.5,80,0.3,0.5,0.8,0.2,0.1,0,0,0.4,2.7,3,0,0.9
Aaron Holiday,PHX,25,8,5,3,1,0.4,0.1,0.3,50,0.1,0.3,50,0,0,0,0,0.3,0.3,0.3,0.1,0,0,0.5,0.9,0,0,0.8
Aaron Nesmith,BOS,22,3,1,2,3.1,1,0.3,0.3,100,0.3,0.3,100,0,0,0,0,0,0,0,0,0.3,0,1,2,0,0,-1.7
Aaron Wiggins,OKC,23,20,7,13,2,0.8,0.3,0.5,55.6,0.1,0.2,33.3,0.2,0.4,57.1,0.2,0.3,0.5,0.1,0,0,0,0.3,1.4,0,0,-0.7
Abdel Nader,PHX,28,1,1,0,0,0,0,0,0,0,0,0,0,0,0,0,0,0,0,0,0,0,0,0,0,0,-2
Admiral Schofield,ORL,25,2,1,1,1.8,0,0,0,0,0,0,0,0,0,0,0,0,0,0,0,0,0,1,0,0,0,-7.5
Al Horford,BOS,36,22,8,14,3.1,0.7,0.3,0.7,37.5,0.1,0.3,42.9,0,0,0,0,0.5,0.6,0.2,0,0,0.1,0.5,2.1,4,0,-1.6
Alec Burks,NYK,30,41,15,26,2.8,1,0.3,1,30.2,0.2,0.5,35,0.2,0.2,80,0,0.3,0.3,0.4,0.1,0,0,0.4,2.2,1,0,-2.7
Aleksej Pokusevski,OKC,20,7,1,6,3,1,0.3,0.9,33.3,0,0.6,0,0.4,0.4,100,0,0.3,0.3,0.7,0.3,0,0,0,2.1,2,0,-1.1
Alex Caruso,CHI,28,19,10,9,3.1,0.2,0,0.3,0,0,0.2,0,0.2,0.2,75,0.2,0.4,0.6,0.4,0.1,0.2,0,0.5,1.8,1,0,0.7
Alex Len,SAC,29,6,3,3,2.8,0.8,0.3,0.3,100,0.2,0.2,100,0,0,0,0.5,0,0.5,0,0,0,0.2,0.7,1.9,0,0,-0.7
Alfonzo McKinnie,CHI,29,3,1,2,0.7,0,0,0.3,0,0,0.3,0,0,0,0,0,0,0,0,0,0,0,0,0,0,0,1.3
Alperen Sengun,HOU,19,8,4,4,2.8,0.3,0.1,0.8,16.7,0,0.1,0,0,0,0,0.3,0.4,0.6,0.3,0.1,0.1,0,0.4,1.6,2,0,1.3
Amir Coffey,LAC,25,23,13,10,2.7,0.9,0.2,0.7,33.3,0.1,0.3,28.6,0.3,0.4,80,0,0.4,0.4,0,0,0,0,0.2,1.6,0,0,0.6
Andre Drummond,BKN,28,15,6,9,2.8,1.3,0.5,0.7,63.6,0,0,0,0.3,0.7,45.5,0.9,0.7,1.7,0,0.1,0.1,0.4,0.2,4.5,9,0,-0.1
Andre Iguodala,GSW,38,11,6,5,2.9,0.3,0.1,0.4,25,0.1,0.2,50,0,0,0,0.2,0.4,0.5,0.5,0.3,0.1,0,0.4,1.7,0,0,0
Andrew Wiggins,GSW,27,35,19,16,3.6,1.1,0.5,1.2,40.5,0.1,0.4,23.1,0.1,0.1,60,0.1,0.3,0.4,0.2,0.1,0.1,0,0.4,2.2,0,0,-0.1
Anfernee Simons,POR,23,19,9,10,2.8,1.9,0.6,1.5,39.3,0.3,0.7,35.7,0.5,0.5,100,0.1,0.1,0.1,0.3,0.3,0.1,0,0.3,2.4,2,0,1.3
Anthony Davis,LAL,29,23,11,12,5,3,1.1,2.1,54.2,0,0.3,0,0.7,1,70.8,0.6,1.2,1.8,0.5,0.1,0.2,0.3,0.5,7.2,14,0,0
Anthony Edwards,MIN,20,33,17,16,3.3,1.4,0.4,1.2,31.6,0.2,0.6,25,0.5,0.6,89.5,0.1,0.4,0.5,0.2,0.2,0,0.1,0.2,2.4,2,0,-0.1
Anthony Gill,WAS,29,9,7,2,1.6,0.6,0.1,0.3,33.3,0.1,0.2,50,0.2,0.2,100,0.1,0.3,0.4,0,0.1,0,0,0.3,1,0,0,0.6
Armoni Brooks,TOR,24,5,2,3,1.5,0.6,0.2,0.2,100,0.2,0.2,100,0,0,0,0,0.4,0.4,0,0,0,0.2,0,1.7,0,0,-0.4
Austin Reaves,LAL,24,25,10,15,3.2,1.4,0.5,1,46.2,0.2,0.6,35.7,0.2,0.2,100,0.2,0.4,0.6,0.1,0,0.1,0.1,0.2,2.9,1,1,-1
Austin Rivers,DEN,29,25,17,8,2.8,0.6,0.2,0.6,37.5,0.1,0.4,30,0,0,0,0,0.2,0.2,0,0.1,0.1,0,0.3,1.1,0,0,0.8
Avery Bradley,LAL,31,26,13,13,3,0.7,0.2,0.5,50,0.2,0.3,50,0.1,0.1,100,0,0.3,0.3,0,0.1,0.2,0,0.4,1.4,0,0,-0.8
Ayo Dosunmu,CHI,22,24,15,9,2.8,0.9,0.4,0.8,50,0.1,0.2,50,0.1,0.2,50,0.1,0.2,0.3,0.2,0.1,0,0,0.4,1.8,2,0,1
Bam Adebayo,MIA,24,28,16,12,3.8,1.4,0.3,0.6,52.9,0,0,0,0.7,0.9,80,0.2,0.6,0.9,0.3,0.3,0,0.3,0.5,3.4,14,0,0.1
Ben McLemore,POR,29,10,6,4,2.3,1,0.2,1,20,0.2,1,20,0.4,0.6,66.7,0,0.3,0.3,0,0,0,0,0.2,1.4,0,0,1.8
Bismack Biyombo,PHX,29,10,7,3,1.4,1.2,0.4,0.4,100,0,0,0,0.4,0.7,57.1,0.2,0,0.2,0.2,0.1,0,0.1,0.2,1.9,3,0,1.4
Blake Griffin,BKN,33,15,7,8,2.2,0.5,0.2,0.3,60,0.1,0.2,33.3,0,0,0,0.2,0.3,0.5,0.5,0.1,0.1,0,0.5,1.9,0,0,1.6
Boban Marjanovic,DAL,33,3,3,0,0,0,0,0,0,0,0,0,0,0,0,0,0,0,0,0,0,0,0,0,0,0,-1
Bobby Portis,MIL,27,28,17,11,2.4,0.7,0.2,0.4,50,0.1,0.2,40,0.2,0.3,66.7,0.2,0.1,0.3,0.1,0,0,0,0.3,1.3,12,0,0.5
Bogdan Bogdanovic,ATL,29,22,9,13,3.2,2.4,0.9,2,44.2,0.4,1.2,29.6,0.3,0.3,100,0.1,0.3,0.4,0.1,0.1,0.1,0,0.4,3.2,0,0,-0.3
Bojan Bogdanovic,UTA,33,34,16,18,3.5,1.6,0.5,1.2,40.5,0.3,1,33.3,0.3,0.4,76.9,0,0.4,0.4,0,0,0,0,0.4,2.2,1,0,0.6
Bones Hyland,DEN,21,7,4,3,3.2,1.4,0.4,1.1,37.5,0.3,1,28.6,0.3,0.4,66.7,0,0.1,0.1,0.4,0,0,0,0.7,2.2,0,0,0.6
Brad Wanamaker,WAS,32,1,0,1,0.4,0,0,0,0,0,0,0,0,0,0,0,0,0,0,0,0,0,0,0,0,0,-1
Bradley Beal,WAS,29,18,13,5,4.2,2.9,0.9,2.3,41.5,0.1,0.6,20,0.9,1.1,89.5,0.2,0.7,0.8,0.9,0.7,0.1,0.1,0.3,5.1,2,0,1.9
Brandon Boston Jr.,LAC,20,5,2,3,2.4,1,0.4,1,40,0.2,0.4,50,0,0,0,0,0.6,0.6,0.2,0,0,0,0.2,2,0,0,-0.8
Brandon Clarke,MEM,25,17,12,5,2.2,1.1,0.5,0.6,72.7,0,0,0,0.2,0.3,60,0.6,0.3,0.9,0.2,0.1,0.1,0.2,0.4,3.2,1,0,1.4
Brandon Goodwin,CLE,26,10,5,5,2.8,0.7,0.2,1.1,18.2,0.1,0.5,20,0.2,0.4,50,0.4,0.6,1,0.3,0.3,0.1,0,0.8,2.4,1,0,0.8
Brandon Ingram,NOP,24,20,11,9,3.9,2.6,0.8,2.1,39,0.2,0.5,33.3,0.8,1.1,76.2,0.1,0.7,0.8,0.4,0.5,0.1,0.1,0.3,4,2,0,0.4
Brandon Knight,DAL,30,1,0,1,3,0,0,0,0,0,0,0,0,0,0,0,0,0,2,0,0,0,0,3,0,0,-3
Brandon Williams,POR,22,4,1,3,4.7,3,0.8,3.8,20,0,1,0,1.5,1.5,100,0.3,0.3,0.5,0.8,0.3,0.5,0,0.5,6,1,0,0.3
Braxton Key,DET,25,2,1,1,1.6,0.5,0,0.5,0,0,0,0,0.5,1,50,0,0,0,0,0,0,0,1.5,0.5,0,0,-6
Brodric Thomas,BOS,25,1,1,0,0,0,0,0,0,0,0,0,0,0,0,0,0,0,0,0,0,0,0,0,0,0,0
Brook Lopez,MIL,34,3,2,1,1.8,0,0,0.7,0,0,0.7,0,0,0,0,0,0.3,0.3,0,0.3,0,0,0.3,0.1,0,0,-1.7
Bruce Brown,BKN,25,24,11,13,2.4,0.6,0.2,0.5,41.7,0.1,0.1,66.7,0.1,0.1,66.7,0.2,0.3,0.5,0,0.1,0,0,0.3,1.4,0,0,-0.3
Bruno Fernando,HOU,23,2,1,1,0.4,0,0,0,0,0,0,0,0,0,0,0,0,0,0,0.5,0,0,0.5,-0.5,1,0,0.5
Bryn Forbes,DEN,28,13,5,8,2.2,1.7,0.5,1,53.8,0.3,0.5,66.7,0.3,0.3,100,0,0.2,0.2,0,0.2,0,0,0.2,1.8,0,0,-0.1
Buddy Hield,IND,29,39,12,27,3.3,1.6,0.4,1.3,26.9,0.2,0.8,25,0.7,0.7,96.4,0.1,0.5,0.5,0.2,0.1,0.1,0.1,0.3,2.9,0,0,-1
CJ Elleby,POR,22,6,2,4,4,0.5,0.2,0.5,33.3,0.2,0.2,100,0,0,0,0.2,0.5,0.7,0.3,0.3,0.2,0,0.3,2,0,0,-1.5
CJ McCollum,NOP,30,24,10,14,2.8,1.3,0.5,1.3,41.9,0,0.3,16.7,0.2,0.3,71.4,0.1,0.3,0.4,0.5,0.2,0.2,0,0.3,3.1,1,0,0
Cade Cunningham,DET,20,34,16,18,3.3,2,0.7,1.9,38.5,0.1,0.4,21.4,0.4,0.5,87.5,0.1,0.8,0.9,0.4,0.4,0.1,0.1,0.5,3.8,8,2,-1.2
Caleb Martin,MIA,26,20,11,9,1.4,0.2,0.1,0.1,100,0,0,0,0.1,0.1,100,0.1,0.2,0.3,0.1,0.1,0.2,0.1,0.4,1.3,0,0,0.6
Cam Reddish,NYK,22,9,3,6,1.8,0.7,0.2,0.6,40,0.1,0.2,50,0.1,0.2,50,0.2,0.1,0.3,0.1,0,0,0,0.2,1.2,0,0,-2
Cam Thomas,BKN,20,10,3,7,2.3,1.5,0.5,1.4,35.7,0.2,0.7,28.6,0.3,0.4,75,0,0.5,0.5,0.2,0.2,0,0,0.2,2.2,0,0,0.1
Cameron Johnson,PHX,26,25,22,3,1.7,0.9,0.3,0.5,58.3,0.3,0.4,63.6,0.1,0.1,66.7,0,0.3,0.3,0.1,0,0,0,0.2,1.4,0,0,1.6
Cameron Oliver,ATL,25,1,1,0,1.8,0,0,1,0,0,0,0,0,0,0,0,0,0,1,0,0,0,0,1.5,0,0,5
Cameron Payne,PHX,27,9,5,4,3.5,2.1,0.6,1.2,45.5,0.1,0.2,50,0.9,1.2,72.7,0,0.4,0.4,0.7,0.3,0,0,0.4,3.3,2,0,0.1
Caris LeVert,CLE,27,28,9,19,3.7,1.8,0.7,1.8,37.3,0.1,0.6,23.5,0.3,0.5,60,0.3,0.4,0.6,0.3,0.3,0,0,0.4,2.9,0,0,-0.8
Carmelo Anthony,LAL,38,32,13,19,3.8,1.4,0.4,1.1,41.2,0.3,0.7,43.5,0.2,0.3,77.8,0.1,0.4,0.5,0,0.1,0.1,0.1,0.2,2.7,1,0,-0.6
Carsen Edwards,DET,24,1,1,0,1.4,0,0,0,0,0,0,0,0,0,0,0,0,0,0,0,1,0,0,3,0,0,0
Cassius Stanley,DET,22,1,1,0,5.4,2,0,0,0,0,0,0,2,2,100,1,0,1,0,0,0,1,0,6.2,0,0,0
Cedi Osman,CLE,27,18,11,7,2,0.7,0.2,0.8,28.6,0.2,0.5,33.3,0.1,0.1,50,0.1,0.1,0.2,0.2,0,0.1,0.1,0.2,1.6,0,0,-0.8
Charlie Brown Jr.,PHI,25,2,1,1,0.6,0,0,0.5,0,0,0,0,0,0,0,0,0.5,0.5,0,0,0,0,0,0.6,0,0,-1.5
Chimezie Metu,SAC,25,14,7,7,1.3,0.6,0.2,0.4,60,0.1,0.3,50,0.1,0.1,100,0,0.3,0.3,0,0.2,0.1,0,0.2,1.2,1,0,0.7
Chris Boucher,TOR,29,23,11,12,2.6,0.6,0.2,0.5,41.7,0,0.2,0,0.1,0.2,75,0.1,0.6,0.7,0,0,0.1,0.1,0.4,2.2,7,0,0.1
Chris Chiozza,GSW,26,3,2,1,2.7,0,0,0.7,0,0,0.3,0,0,0,0,0,0,0,0.3,0,0.3,0,0,1.5,0,0,2
Chris Duarte,IND,25,19,7,12,3.5,1.3,0.5,1.6,29,0.3,0.9,29.4,0.1,0.1,100,0,0.3,0.3,0.2,0.2,0.1,0.1,0.3,2,0,0,-1.1
Chris Paul,PHX,37,29,25,4,3.1,2.8,0.9,1.5,56.8,0.1,0.3,40,0.9,1.1,81.3,0,0.6,0.6,1.2,0.2,0.1,0.1,0.1,5.5,20,1,4
Christian Wood,HOU,26,23,10,13,3.5,1.7,0.5,1.2,44.4,0.1,0.3,37.5,0.5,0.7,68.8,0.1,0.8,0.9,0.3,0.4,0.1,0.1,0.7,3.3,17,0,-1
Chuma Okeke,ORL,23,14,8,6,2.5,1.6,0.5,0.7,70,0.3,0.4,66.7,0.3,0.4,80,0.1,0.4,0.5,0.2,0.1,0,0.1,0.1,2.6,0,0,0.1
Clint Capela,ATL,28,28,14,14,3.1,0.8,0.4,0.5,84.6,0,0,0,0,0.2,16.7,0.3,0.4,0.7,0,0,0,0.2,0.4,2.3,15,0,-0.7
Coby White,CHI,22,24,14,10,2,0.3,0.1,0.3,28.6,0.1,0.3,33.3,0,0.1,50,0.1,0.2,0.3,0.2,0,0,0.1,0.3,1.3,0,0,1.4
Cody Martin,CHA,26,26,17,9,2.3,0.7,0.2,0.3,57.1,0.1,0.2,50,0.3,0.3,87.5,0,0.2,0.2,0.2,0,0.1,0,0.4,1.5,0,0,0.4
Cody Zeller,POR,29,1,0,1,0,0,0,0,0,0,0,0,0,0,0,0,0,0,0,0,0,0,0,0,0,0,0
Cole Anthony,ORL,22,25,10,15,4.1,3.2,1,2.2,42.9,0.2,0.9,22.7,1.1,1.2,96.6,0,0.9,1,0.4,0.2,0,0,0.5,4.9,4,0,0.8
Collin Sexton,CLE,23,5,4,1,1.8,1,0.4,1.2,33.3,0.2,0.6,33.3,0,0,0,0,0,0,0,0,0,0,0.6,1,0,0,-0.4
Corey Kispert,WAS,23,21,11,10,1.7,0.6,0.2,0.3,66.7,0.1,0.2,50,0.1,0.1,100,0.1,0,0.1,0,0,0,0,0.3,1.1,0,0,0.4
Cory Joseph,DET,30,27,11,16,2.8,0.9,0.3,0.7,44.4,0.1,0.4,40,0.1,0.1,100,0.1,0.3,0.3,0.1,0.1,0,0,0.3,1.4,0,0,-1.4
D'Angelo Russell,MIN,26,28,16,12,3.5,3.3,1,2.2,45.2,0.3,1.1,30,1,1.1,90,0,0.3,0.4,0.5,0.1,0.1,0.1,0.3,4.9,5,0,0.8
D.J. Augustin,LAL,34,5,4,1,1.2,1.4,0.4,0.6,66.7,0.2,0.2,100,0.4,0.4,100,0,0.2,0.2,0,0,0,0,0,1.6,0,0,3
D.J. Wilson,TOR,26,1,0,1,4.3,4,0,0,0,0,0,0,4,5,80,0,1,1,0,0,0,0,1,5.2,0,0,-2
Daishen Nix,HOU,20,1,0,1,1.5,0,0,0,0,0,0,0,0,0,0,0,0,0,0,0,0,0,0,0,0,0,-4
Dalano Banton,TOR,22,4,3,1,0.9,0,0,0,0,0,0,0,0,0.5,0,0.3,0,0.3,0,0,0,0,0,0.3,0,0,-1.3
Damian Jones,SAC,27,13,8,5,4.3,1.5,0.7,0.8,81.8,0,0,0,0.2,0.6,25,0.5,0.8,1.2,0.3,0.3,0.1,0.1,0.5,3.6,2,0,1.4
Damian Lillard,POR,31,12,5,7,3.7,2.4,0.7,2.5,26.7,0.3,1.4,17.6,0.8,1,83.3,0.3,0.7,0.9,0.6,0.3,0,0,0.3,4.1,6,0,-1.3
Damion Lee,GSW,29,20,10,10,2,0.9,0.3,0.6,41.7,0.2,0.5,44.4,0.2,0.2,100,0.1,0.3,0.4,0.2,0.1,0,0,0.3,1.4,0,0,0.7
Damyean Dotson,NYK,28,1,0,1,1.8,0,0,0,0,0,0,0,0,0,0,0,0,0,0,0,0,0,0,0,0,0,-3
Daniel Gafford,WAS,23,19,12,7,2.7,0.9,0.3,0.5,50,0,0,0,0.4,0.4,100,0.4,0.5,0.8,0.1,0.1,0,0.2,0.3,2.6,4,0,0.9
Daniel Theis,BOS,30,6,2,4,4.5,1.7,0.7,1,66.7,0.2,0.2,100,0.2,0.3,50,0.2,0.7,0.8,0,0.2,0,0,0.2,2.5,1,0,-1.3
Danilo Gallinari,ATL,33,23,11,12,1.9,0.5,0.1,0.6,21.4,0,0.3,12.5,0.2,0.3,83.3,0,0.1,0.2,0.1,0,0,0,0.3,1.1,0,0,-0.7
Danny Green,PHI,35,21,9,12,2.6,0.9,0.3,0.7,42.9,0.3,0.6,46.2,0,0,0,0.1,0.2,0.3,0.1,0.1,0.1,0.1,0.2,2,0,0,-0.1
Danuel House Jr.,UTA,29,10,6,4,2.3,1.2,0.4,0.7,57.1,0.4,0.6,66.7,0,0,0,0.1,0.3,0.4,0,0,0,0,0.3,1.7,0,0,-1.3
Darius Bazley,OKC,22,28,12,16,3.9,1,0.4,0.9,38.5,0.1,0.5,26.7,0.2,0.3,62.5,0.1,0.7,0.8,0.1,0.1,0.1,0.1,0.3,2.7,3,0,-1.2
Darius Garland,CLE,22,34,16,18,3.5,2.5,0.7,1.9,36.9,0.2,0.7,24,0.9,1,85.7,0.1,0.2,0.4,0.7,0.2,0.1,0,0.2,4,18,0,0.6
David Duke Jr.,BKN,22,6,3,3,2.7,0.8,0.2,1,16.7,0.2,0.7,25,0.3,0.3,100,0.7,0.5,1.2,0.2,0,0,0.2,0,3,2,0,0.5
David Nwaba,HOU,29,6,3,3,1.2,0,0,0,0,0,0,0,0,0,0,0,0.2,0.2,0.2,0,0.2,0.2,0.5,1.5,0,0,-2.5
Davion Mitchell,SAC,23,32,16,16,2.5,1.1,0.4,0.9,40,0,0.2,20,0.3,0.4,69.2,0.1,0.1,0.2,0.2,0.2,0.2,0,0.1,1.9,2,0,0.3
Davis Bertans,DAL,29,5,5,0,1.3,1,0.2,0.8,25,0.2,0.8,25,0.4,0.4,100,0,0.4,0.4,0,0,0,0,0.2,1.5,0,0,4
Davon Reed,DEN,27,7,3,4,2.8,0,0,0.7,0,0,0.4,0,0,0.3,0,0,0.6,0.6,0,0.1,0.1,0,0.4,1,0,0,-1.9
Day'Ron Sharpe,BKN,20,5,1,4,1.1,0.4,0.2,0.2,100,0,0,0,0,0,0,0,0.2,0.2,0,0,0.2,0,0.2,1.2,1,0,-1
De'Aaron Fox,SAC,24,30,11,19,3.7,2.7,0.9,2.1,42.2,0,0.4,8.3,0.8,1.1,78.1,0,0.5,0.5,0.6,0.4,0.2,0,0.5,4.4,3,0,-0.7
De'Andre Hunter,ATL,24,27,13,14,3,1,0.4,1,37,0.1,0.4,20,0.2,0.4,60,0.1,0.3,0.4,0,0,0,0.1,0.4,1.8,2,0,0.3
De'Anthony Melton,MEM,24,20,12,8,2.6,0.8,0.3,0.7,42.9,0.1,0.3,16.7,0.2,0.2,75,0.1,0.3,0.4,0.1,0.1,0.2,0.2,0.2,2.1,1,0,0.3
DeAndre Jordan,PHI,33,1,1,0,0.4,0,0,0,0,0,0,0,0,0,0,0,0,0,0,0,0,0,0,0,0,0,2
DeAndre' Bembry,MIL,27,9,6,3,2.1,0.6,0.2,0.6,40,0,0,0,0.1,0.1,100,0,0.1,0.1,0,0,0.2,0,0.4,1.4,0,0,-1.7
DeMar DeRozan,CHI,32,38,23,15,3.4,4.1,1.2,2.3,53.5,0.1,0.1,50,1.7,1.9,88.7,0.1,0.6,0.7,0.4,0.2,0.1,0,0.3,5.8,2,0,1.4
DeMarcus Cousins,DEN,31,2,2,0,0.3,0,0,0,0,0,0,0,0,0,0,0,0,0,0,0,0,0,0,0,0,0,1
Dean Wade,CLE,25,11,5,6,2.7,0.3,0.1,0.5,20,0.1,0.4,25,0,0,0,0,0,0,0.3,0,0.1,0.1,0.3,1.2,0,0,-1.2
Deandre Ayton,PHX,23,28,22,6,3.2,1.4,0.6,0.8,81.8,0,0,0,0.1,0.2,80,0.1,0.8,0.9,0,0.2,0,0,0.4,2.6,15,0,2.6
Dejounte Murray,SAS,25,34,15,19,3.7,2.8,1,2.4,43.2,0.1,0.4,21.4,0.6,0.9,67.7,0.1,0.6,0.7,0.6,0.4,0.2,0,0.3,4.8,24,8,-1.4
Delon Wright,ATL,30,10,6,4,2.6,0.1,0,0.1,0,0,0.1,0,0.1,0.1,100,0.1,0.3,0.4,0.2,0,0,0,0.1,0.9,0,0,-2.1
Deni Avdija,WAS,21,25,16,9,2.9,0.8,0.3,0.9,30.4,0.1,0.4,27.3,0.2,0.2,66.7,0.1,0.8,0.9,0.2,0,0.2,0.2,0.5,3.2,2,0,1.8
Dennis Schroder,HOU,28,24,9,15,4.3,2.1,0.7,1.6,44.7,0.1,0.5,16.7,0.6,0.8,83.3,0,0.4,0.4,0.6,0.2,0.1,0.1,0.3,3.8,1,0,0.1
Dennis Smith Jr.,POR,24,8,4,4,1.2,0.4,0.1,0.4,33.3,0,0,0,0.1,0.1,100,0,0.1,0.1,0.4,0.1,0.4,0,0.3,2.1,0,0,0
Denzel Valentine,UTA,28,4,1,3,2.6,0,0,0.5,0,0,0.5,0,0,0,0,0.3,0.8,1,0.3,0.3,0,0,0.5,1.3,0,0,-4
Derrick Favors,OKC,30,7,6,1,1.9,1.1,0.6,0.6,100,0,0,0,0,0,0,0.1,0.3,0.4,0.1,0,0,0,0.1,1.9,1,0,3.1
Derrick Jones Jr.,CHI,25,15,9,6,2.2,0.5,0.2,0.3,75,0,0,0,0.1,0.1,100,0.1,0.2,0.3,0.1,0,0,0.2,0.3,1.6,0,0,0.6
Derrick Rose,NYK,33,12,3,9,2.6,1.1,0.5,1.2,42.9,0.1,0.4,20,0,0,0,0.2,0.2,0.3,0.6,0.1,0,0.1,0.3,2.5,0,0,-2.3
Derrick Walton Jr.,DET,27,2,1,1,5.1,1,0,2,0,0,1.5,0,1,1,100,0,0.5,0.5,1,1,0.5,0,0,3.6,0,0,-3
Derrick White,BOS,27,25,9,16,3.5,1.2,0.4,1.2,34.5,0.1,0.6,13.3,0.3,0.4,72.7,0.1,0.2,0.3,0.3,0.2,0.1,0.1,0.5,2.5,1,0,-0.8
Desmond Bane,MEM,24,29,19,10,4.1,2.1,0.8,1.7,44.9,0.4,0.9,40.7,0.2,0.3,66.7,0.1,0.3,0.4,0.1,0.2,0.2,0,0.4,3.2,0,0,1.2
Devin Booker,PHX,25,32,26,6,3,2.9,0.9,1.6,56.9,0.3,0.7,40.9,0.8,1.1,77.1,0.1,0.3,0.4,0.4,0.1,0,0.1,0.4,4.3,3,0,3
Devin Cannady,ORL,26,1,1,0,2.8,1,0,0,0,0,0,0,1,2,50,0,1,1,0,0,0,0,0,2.2,0,0,4
Devin Vassell,SAS,21,26,9,17,3.5,0.2,0.1,0.8,9.1,0,0.5,0,0.1,0.2,50,0.2,0.5,0.7,0.3,0.1,0,0.1,0.5,1.7,1,0,-2.3
Devontae Cacok,SAS,25,2,0,2,1.3,0,0,0.5,0,0,0,0,0,0,0,0,0.5,0.5,0,0,0,0,0.5,0.6,0,0,-3.5
Devonte' Graham,NOP,27,26,10,16,3.1,2,0.5,1.4,35.1,0.4,1.1,34.5,0.6,0.7,88.2,0,0.2,0.2,0.5,0.1,0,0,0.1,2.8,0,0,-0.6
Dewayne Dedmon,MIA,32,7,3,4,0.8,0,0,0,0,0,0,0,0,0.3,0,0,0.3,0.3,0,0,0,0,0.1,0.3,1,0,-1
Dillon Brooks,MEM,26,7,4,3,2.9,1.9,0.6,2.1,26.7,0,0.9,0,0.7,0.9,83.3,0.3,0,0.3,0.1,0.1,0.1,0,0.9,2.7,0,0,-1
Domantas Sabonis,SAC,26,33,9,24,3.4,1.6,0.5,1.1,51.4,0.1,0.2,28.6,0.5,0.6,76.2,0.5,0.7,1.2,0.3,0.2,0.1,0,0.5,3.7,28,5,-1
Donovan Mitchell,UTA,25,33,15,18,3.6,2.4,0.9,2.8,33,0.2,1,18.8,0.4,0.6,61.9,0.1,0.3,0.4,0.6,0.4,0.1,0,0.3,3.5,1,0,-0.2
Donte DiVincenzo,SAC,25,14,9,5,2.9,1.6,0.4,0.9,46.2,0.2,0.6,33.3,0.5,0.9,58.3,0.3,0.4,0.7,0.4,0.1,0,0.1,0.3,3.1,0,0,2.9
Dorian Finney-Smith,DAL,29,36,21,15,3.2,1,0.4,0.7,52,0.1,0.3,41.7,0.1,0.2,66.7,0.2,0.4,0.6,0.1,0.1,0.1,0,0.3,2,1,0,0
Doug McDermott,SAS,30,12,3,9,1.9,0.6,0.2,0.6,28.6,0.1,0.4,20,0.2,0.2,100,0,0.3,0.3,0,0.1,0,0,0.4,0.8,0,0,-2.2
Draymond Green,GSW,32,20,12,8,3.3,1.2,0.4,0.6,66.7,0.1,0.1,100,0.3,0.4,85.7,0.3,0.5,0.8,0.6,0.3,0.1,0.2,0.3,3.5,1,0,1.3
Drew Eubanks,POR,25,4,0,4,3.6,2.5,1.3,1.3,100,0,0,0,0,0,0,1,0.3,1.3,0,0,0,0.5,0.3,5.5,2,0,-5.8
Duane Washington Jr.,IND,22,18,2,16,1.2,0.3,0.1,0.4,14.3,0.1,0.3,16.7,0.1,0.1,100,0,0.1,0.1,0,0,0,0,0.1,0.3,0,0,-1.9
Duncan Robinson,MIA,28,12,7,5,3.5,1.3,0.3,0.9,36.4,0.3,0.9,36.4,0.3,0.4,60,0,0.6,0.6,0.1,0.1,0.1,0,0.6,2.2,0,0,0.2
Dwight Howard,LAL,36,5,2,3,1.1,0,0,0,0,0,0,0,0,0,0,0,0.2,0.2,0,0,0,0,0.2,0.2,2,0,-1.4
Dwight Powell,DAL,30,25,14,11,1.5,0.3,0.1,0.1,100,0,0,0,0,0.1,33.3,0.1,0.1,0.2,0,0.2,0,0,0.4,0.5,1,0,0.6
Dylan Windler,CLE,25,3,2,1,1.3,1,0,0.3,0,0,0.3,0,1,1,100,0,0.7,0.7,0.3,0,0.3,0,0,3.3,0,0,4
Ed Davis,CLE,33,2,1,1,0.1,0,0,0,0,0,0,0,0,0,0,0,0,0,0,0,0,0,0,0,0,0,-1
Elfrid Payton,PHX,28,2,2,0,0.3,0,0,0,0,0,0,0,0,0,0,0,0,0,0,0,0,0,0,0,0,0,-2.5
Elijah Hughes,POR,24,1,0,1,1.4,0,0,1,0,0,0,0,0,0,0,0,0,0,0,0,0,0,0,0,0,0,2
Enes Freedom,BOS,30,3,0,3,1.9,1,0.3,0.3,100,0,0,0,0.3,0.7,50,0.3,0.3,0.7,0,0,0,0,0.3,1.8,1,0,-2
Eric Bledsoe,POR,32,13,6,7,2.6,1,0.3,0.9,33.3,0.1,0.2,33.3,0.3,0.5,66.7,0,0.1,0.1,0.2,0,0.2,0.1,0.3,2.2,1,0,0.2
Eric Gordon,HOU,33,22,12,10,3.4,2.1,0.8,1.4,54.8,0.2,0.8,29.4,0.4,0.5,66.7,0,0.3,0.3,0.5,0.3,0,0,0.1,3,0,0,0.2
Eric Paschall,UTA,25,2,0,2,1.5,0,0,0,0,0,0,0,0,0,0,0,0.5,0.5,0,0,0,0,0.5,0.6,0,0,-1
Evan Fournier,NYK,29,27,12,15,3.4,1.7,0.6,1.6,34.9,0.4,1.1,35.5,0.1,0.2,80,0,0.4,0.4,0.3,0.2,0,0.1,0.3,2.8,0,0,-0.7
Evan Mobley,CLE,21,38,21,17,3.1,1.5,0.5,1.1,50,0,0.2,0,0.4,0.6,69.6,0.2,0.5,0.7,0.3,0.2,0.1,0.2,0.2,3.5,13,0,0.7
Facundo Campazzo,DEN,31,9,4,5,2.8,0.3,0,0.3,0,0,0.3,0,0.3,0.4,75,0,0.3,0.3,0.3,0,0,0,0.2,1.2,0,0,-4.1
Frank Jackson,DET,24,13,2,11,2.3,0.5,0.2,0.7,22.2,0.2,0.5,28.6,0,0,0,0,0.2,0.2,0,0.1,0,0.2,0.2,1.1,0,0,-2.1
Frank Kaminsky,PHX,29,2,2,0,3.7,1,0.5,1,50,0,0,0,0,0,0,0,1,1,0.5,0.5,0,0,0,2.5,0,0,6.5
Frank Ntilikina,DAL,23,5,2,3,1.9,0.4,0,0.2,0,0,0,0,0.4,0.4,100,0,0.2,0.2,0,0,0,0,0.2,0.6,0,0,-2.6
Franz Wagner,ORL,20,29,11,18,4.1,1.9,0.6,1.6,40,0.1,0.3,20,0.6,0.8,78.3,0.1,0.5,0.6,0.2,0.1,0.1,0.1,0.3,3.4,2,0,-0.1
Fred VanVleet,TOR,28,33,20,13,4.4,2.6,0.8,2.3,33.8,0.6,1.4,40.4,0.5,0.6,75,0.1,0.4,0.5,0.7,0.2,0.2,0,0.3,4.5,6,0,0.9
Freddie Gillespie,ORL,25,1,0,1,0,0,0,0,0,0,0,0,0,0,0,0,0,0,0,0,0,0,0,0,0,0,0
Furkan Korkmaz,PHI,24,14,7,7,2.1,0.6,0.2,0.6,37.5,0.1,0.4,40,0,0,0,0,0.2,0.2,0.1,0.1,0.1,0,0.1,1.4,0,0,0.9
Gabe Vincent,MIA,26,18,11,7,2.4,1,0.3,0.7,41.7,0.2,0.4,50,0.2,0.2,100,0.1,0.1,0.2,0.3,0.2,0.1,0,0.3,1.6,0,0,0.2
Gabriel Lundberg,PHX,27,2,0,2,0.4,0,0,0,0,0,0,0,0,0,0,0,0,0,0,0,0,0,1,0,0,0,-3.5
Garrett Temple,NOP,36,15,8,7,1.4,0.4,0.1,0.2,66.7,0.1,0.2,66.7,0,0,0,0,0,0,0.1,0,0.1,0,0.1,1,0,0,-1.5
Garrison Mathews,HOU,25,20,10,10,2.5,1.7,0.4,0.7,53.8,0.3,0.6,50,0.7,0.9,82.4,0.1,0.3,0.4,0,0.1,0,0,0.4,2.1,0,0,0.1
Gary Clark,NOP,27,5,4,1,0.3,0,0,0,0,0,0,0,0,0,0,0,0,0,0,0,0,0.2,0,0.6,0,0,-2
Gary Harris,ORL,27,23,9,14,2.9,0.3,0.1,0.5,16.7,0,0.5,9.1,0.1,0.1,100,0,0.1,0.1,0.1,0.1,0,0,0.3,0.5,0,0,-0.7
Gary Payton II,GSW,29,25,13,12,1.4,0.4,0.2,0.2,83.3,0,0.1,50,0,0,0,0,0.2,0.3,0,0,0,0,0.2,1,0,0,-0.6
Gary Trent Jr.,TOR,23,37,23,14,4.1,2.6,0.7,1.7,42.9,0.4,0.9,42.4,0.8,0.9,87.5,0.1,0.4,0.5,0.2,0.1,0.2,0.1,0.4,4.1,0,0,1.4
George Hill,MIL,36,21,12,9,2.1,0.5,0.2,0.4,50,0,0.1,33.3,0.1,0.1,100,0.1,0.1,0.3,0.1,0.1,0.1,0,0.1,1.3,0,0,-0.3
Georges Niang,PHI,29,31,17,14,2.3,0.5,0.2,0.5,29.4,0.1,0.4,30.8,0,0.1,50,0.1,0.2,0.3,0.1,0,0,0,0.3,1,0,0,1.4
Georgios Kalaitzakis,OKC,23,1,1,0,1.5,0,0,1,0,0,0,0,0,0,0,0,0,0,0,0,0,0,0,0,0,0,7
Giannis Antetokounmpo,MIL,27,33,21,12,2.9,2.4,0.8,1.5,51,0.1,0.2,28.6,0.8,1.2,73.7,0.2,0.8,1,0.4,0.3,0.1,0.2,0.4,4.7,28,1,1.1
Goga Bitadze,IND,22,11,1,10,1.2,0.5,0.2,0.3,66.7,0,0.1,0,0.1,0.5,20,0.1,0.2,0.3,0,0,0,0,0.5,0.8,1,0,-1.8
Goran Dragic,BKN,36,12,4,8,2,0.3,0.1,0.3,33.3,0,0.2,0,0.2,0.2,100,0.1,0.1,0.2,0.2,0.2,0.1,0,0.3,0.9,0,0,0.5
Gordon Hayward,CHA,32,20,10,10,3.7,1.1,0.3,1.3,24,0.2,0.3,60,0.4,0.4,87.5,0.1,0.2,0.3,0.5,0.2,0.1,0.1,0.1,2.4,0,0,-0.8
Grant Williams,BOS,23,15,6,9,2.5,0.4,0.1,0.5,14.3,0.1,0.3,20,0.2,0.3,75,0.1,0.2,0.3,0,0.1,0,0,0.4,0.7,0,0,-0.1
Grayson Allen,MIL,26,21,12,9,2,0.4,0.1,0.4,25,0.1,0.3,28.6,0.1,0.1,66.7,0,0.1,0.1,0.1,0,0,0,0.3,0.9,0,0,1.3
Greg Brown III,POR,20,1,0,1,0.3,0,0,0,0,0,0,0,0,0,0,0,0,0,0,0,0,0,0,0,0,0,-2
Greg Monroe,MIN,32,2,1,1,1.5,0,0,0,0,0,0,0,0,0,0,0,0.5,0.5,0,0,0.5,0,0,2.1,0,0,-3.5
Hamidou Diallo,DET,23,9,5,4,3.6,1.1,0.6,1.3,41.7,0,0.1,0,0,0,0,0.2,0.3,0.6,0,0.1,0.2,0,0.3,2.3,2,0,0.4
Harrison Barnes,SAC,30,34,13,21,3.4,1.6,0.5,1.3,38.6,0.2,0.4,40,0.5,0.5,94.1,0.1,0.3,0.4,0.1,0.2,0,0,0.2,2.1,3,0,-0.9
Hassan Whiteside,UTA,33,10,1,9,0.5,0.4,0.2,0.3,66.7,0,0,0,0,0,0,0.1,0,0.1,0,0.1,0,0,0.3,0.4,3,0,-1.1
Hassani Gravett,ORL,25,3,1,2,2.1,0,0,0,0,0,0,0,0,0,0,0.3,0.3,0.7,0,0.3,0,0,0.3,0.5,0,0,-2
Herbert Jones,NOP,23,28,14,14,3.4,1.6,0.5,0.9,57.7,0,0.1,33.3,0.5,0.7,78.9,0.1,0.3,0.4,0.1,0.1,0.1,0,0.4,2.7,0,0,0.3
Ignas Brazdeikis,ORL,23,3,1,2,1.9,0.7,0.3,1,33.3,0,0.3,0,0,0.7,0,0.3,0,0.3,0,0.3,0,0,0.3,0.7,0,0,-4
Immanuel Quickley,NYK,23,30,12,18,2.7,0.6,0.2,0.8,21.7,0.1,0.4,15.4,0.2,0.2,100,0.1,0.2,0.3,0.2,0,0.1,0,0.3,1.4,1,1,-1.2
Isaac Okoro,CLE,21,34,14,20,3.1,0.7,0.2,0.4,46.7,0.1,0.2,50,0.2,0.3,63.6,0.1,0.1,0.2,0.1,0,0.1,0.1,0.4,1.7,0,0,0.4
Isaiah Hartenstein,LAC,24,16,9,7,1.1,0.8,0.4,0.4,85.7,0,0,0,0.1,0.2,33.3,0,0.3,0.3,0.2,0.1,0,0.1,0.1,1.7,0,0,0.4
Isaiah Jackson,IND,20,7,3,4,3.1,1.3,0.4,0.7,60,0,0,0,0.4,0.9,50,0.4,0.4,0.9,0.1,0.4,0.4,0.1,0.7,3.8,2,0,0.7
Isaiah Joe,PHI,22,4,3,1,0.9,0,0,0,0,0,0,0,0,0,0,0,0,0,0,0,0,0,0,0,0,0,1.8
Isaiah Livers,DET,23,6,3,3,3.1,0.5,0.2,1.2,14.3,0.2,1,16.7,0,0,0,0.2,0.2,0.3,0,0.2,0.2,0.2,0.7,1.7,0,0,-1.7
Isaiah Roby,OKC,24,11,5,6,2.9,1.8,0.5,0.7,75,0.3,0.3,100,0.5,0.7,62.5,0.2,0.5,0.7,0.3,0.1,0.3,0.2,0.5,4.4,3,0,-0.3
Isaiah Stewart,DET,21,28,11,17,3,0.6,0.3,0.5,53.3,0,0,0,0,0.1,50,0.4,0.3,0.6,0,0.1,0,0.1,0.4,1.6,6,0,-1.8
Isaiah Thomas,CHA,33,3,1,2,1.7,0,0,0.7,0,0,0.3,0,0,0,0,0,0,0,0.3,0,0,0,0,0.5,0,0,1.7
Ish Smith,WAS,33,10,7,3,2.3,1.2,0.5,1,50,0.1,0.3,33.3,0.1,0.2,50,0,0.5,0.5,0.3,0,0.1,0.1,0.3,2.9,0,0,3.9
Ish Wainright,PHX,27,5,3,2,1.3,0.4,0.2,0.6,33.3,0,0,0,0,0,0,0.2,0,0.2,0.2,0.2,0.2,0,0.4,1.3,0,0,0
Ivica Zubac,LAC,25,25,14,11,2.9,1.7,0.6,0.8,70,0,0,0,0.6,0.8,70,0.5,0.6,1.1,0.1,0,0,0.3,0.5,4,14,0,0.4
JT Thor,CHA,19,3,1,2,1.5,0.7,0.3,0.3,100,0,0,0,0,0.3,0,0,0,0,0,0,0,0,0.3,0.7,0,0,-4.3
Ja Morant,MEM,22,26,17,9,4.1,4.6,1.3,3.1,42,0.2,0.5,28.6,1.8,2.2,82.5,0.1,0.6,0.7,0.4,0.3,0.2,0,0.4,6.4,5,1,1.7
JaMychal Green,DEN,32,7,5,2,0.9,0.6,0.3,0.3,100,0,0,0,0,0,0,0,0.3,0.3,0,0,0.1,0,0.4,1.3,0,0,-0.6
JaVale McGee,PHX,34,5,4,1,1.6,2,0.6,0.8,75,0,0,0,0.8,1,80,0.2,0,0.2,0.2,0,0,0,0.6,2.5,1,0,-0.8
Jaden McDaniels,MIN,21,25,15,10,2.2,0.5,0.2,0.4,44.4,0,0.2,25,0.2,0.2,80,0.1,0.1,0.2,0.1,0,0,0,0.2,1.1,0,0,-0.3
Jae Crowder,PHX,31,30,24,6,3.1,1.1,0.3,0.7,45,0.2,0.5,50,0.3,0.4,75,0.1,0.7,0.8,0.2,0.1,0.2,0.1,0.4,3.3,0,0,3
Jae'Sean Tate,HOU,26,28,12,16,3,1.3,0.4,0.9,45.8,0,0.1,33.3,0.4,0.5,80,0.3,0.4,0.6,0.2,0.2,0.1,0.1,0.3,2.8,4,0,-0.9
Jake Layman,MIN,28,2,0,2,2.6,1.5,0.5,0.5,100,0.5,0.5,100,0,0,0,0,0.5,0.5,0,0,0,0,0,2.1,0,0,-4
Jakob Poeltl,SAS,26,29,13,16,3.9,1.4,0.6,0.9,59.3,0,0,0,0.3,0.6,47.1,0.6,0.9,1.4,0.2,0.1,0,0.3,0.6,4.3,12,0,-0.7
Jalen Brunson,DAL,25,35,20,15,3.1,1.1,0.4,1.1,37.8,0,0.3,10,0.3,0.4,78.6,0.1,0.3,0.4,0.3,0.1,0.1,0,0.4,2.1,2,0,-0.1
Jalen Green,HOU,20,23,6,17,3.5,1.8,0.6,1.3,41.9,0.3,0.7,40,0.4,0.4,90,0.3,0.3,0.6,0.1,0.1,0.1,0,0.4,2.9,0,0,-1.8
Jalen McDaniels,CHA,24,6,3,3,1.5,0.3,0.2,0.5,33.3,0,0.2,0,0,0,0,0,0.5,0.5,0,0.2,0.2,0,0,1.3,0,0,0.5
Jalen Smith,IND,22,14,4,10,2.7,0.8,0.4,0.8,45.5,0.1,0.3,25,0,0,0,0.2,0.1,0.4,0.1,0.2,0,0.1,0.4,1.3,4,0,-1.5
Jalen Suggs,ORL,21,10,5,5,3,1.1,0.4,0.8,50,0.1,0.1,100,0.2,0.3,66.7,0,0.5,0.5,0.2,0.4,0.2,0.1,0.4,2.5,0,0,-0.3
James Bouknight,CHA,21,2,1,1,1.7,0,0,0,0,0,0,0,0,0,0,0,0.5,0.5,0,0,0,0,0,0.6,0,0,-1
James Harden,PHI,32,33,20,13,3.6,2.2,0.5,1.3,37.2,0.1,0.6,15.8,1.2,1.5,76,0.1,0.5,0.6,0.6,0.3,0.2,0,0.3,4,21,6,1
James Johnson,BKN,35,18,10,8,3.8,1,0.3,0.8,42.9,0.1,0.3,20,0.3,0.4,62.5,0.2,0.7,0.8,0.5,0.1,0.1,0.1,0.6,3.4,1,0,0.2
Jared Butler,UTA,21,1,1,0,1.7,0,0,0,0,0,0,0,0,0,0,0,0,0,0,0,0,0,0,0,0,0,-2
Jaren Jackson Jr.,MEM,22,29,20,9,3.3,1.4,0.4,1.2,31.4,0.2,0.6,38.9,0.4,0.5,78.6,0.2,0.5,0.7,0.1,0.2,0,0.3,0.4,3.1,3,0,1.5
Jarred Vanderbilt,MIN,23,25,15,10,2.8,0.2,0.1,0.3,28.6,0,0,0,0,0.2,25,0.2,0.4,0.6,0.1,0.2,0.1,0,0.4,1.1,5,0,0.2
Jarrett Allen,CLE,24,30,15,15,3,1.7,0.6,0.8,82.6,0,0,100,0.4,0.5,73.3,0.3,0.7,1,0.2,0.2,0.1,0.1,0,3.6,18,0,0.3
Jarrett Culver,MEM,23,1,1,0,0.5,0,0,0,0,0,0,0,0,0,0,0,1,1,0,0,0,0,0,1.2,0,0,2
Javonte Green,CHI,28,22,15,7,2.1,0.5,0.2,0.2,80,0,0,0,0.1,0.2,75,0.2,0.2,0.4,0,0,0.1,0,0.1,1.2,0,0,0.5
Jaxson Hayes,NOP,22,8,4,4,3.2,0.8,0.3,0.3,100,0,0,0,0.3,0.3,100,0,0.4,0.4,0.1,0,0,0,0.4,1.4,2,0,0.6
Jay Scrubb,LAC,21,1,1,0,2.2,0,0,0,0,0,0,0,0,0,0,0,0,0,0,0,0,0,1,0,0,0,2
Jaylen Brown,BOS,25,27,10,17,4.7,2.8,1.1,2.6,41.4,0.3,0.8,38.1,0.4,0.5,71.4,0,0.8,0.8,0.6,0.3,0.3,0.1,0.6,5.4,5,1,-0.9
Jaylen Hoard,OKC,23,1,1,0,3.2,0,0,1,0,0,1,0,0,0,0,0,4,4,0,0,0,0,0,4.8,1,0,10
Jaylen Nowell,MIN,22,6,3,3,2,1.5,0.5,0.7,75,0,0,0,0.5,0.7,75,0,0.2,0.2,0,0,0,0,0.5,1.7,0,0,1.8
Jayson Tatum,BOS,24,30,12,18,4.7,3.2,1,2.6,37.2,0.1,0.8,8,1.2,1.3,94.9,0.3,0.8,1.1,0.2,0.4,0.1,0.1,0.3,5.1,11,0,-0.6
Jeff Dowtin Jr.,ORL,25,1,0,1,2.9,0,0,1,0,0,1,0,0,0,0,1,0,1,0,1,0,0,0,0.2,0,0,-15
Jeff Green,DEN,35,21,12,9,3.3,0.8,0.2,0.5,45.5,0,0.1,33.3,0.3,0.3,100,0.2,0.1,0.3,0.1,0,0,0.1,0.3,1.6,0,0,-0.2
Jerami Grant,DET,28,26,9,17,3.6,1.7,0.5,1.3,36.4,0,0.2,16.7,0.8,1,76.9,0,0.3,0.4,0.3,0.1,0,0.1,0.2,2.8,0,0,-1.5
Jeremiah Robinson-Earl,OKC,21,18,4,14,2.4,0.7,0.2,0.5,33.3,0.1,0.3,33.3,0.2,0.2,100,0.1,0.2,0.3,0.1,0.1,0.1,0.1,0.2,1.4,1,0,-1.6
Jeremy Lamb,SAC,30,12,5,7,2,0.8,0.3,0.8,30,0.1,0.3,25,0.3,0.6,42.9,0.1,0.5,0.6,0,0.1,0.1,0.2,0,2.2,0,0,1.5
Jericho Sims,NYK,23,4,2,2,3,0,0,0,0,0,0,0,0,0,0,0.5,0.8,1.3,0,0.3,0,0,0,1.3,1,0,0.3
Jevon Carter,MIL,26,8,5,3,1.3,0.5,0.1,0.1,100,0,0,0,0.3,0.3,100,0.1,0.5,0.6,0.1,0,0,0,0.5,1.4,0,0,-0.5
Jimmy Butler,MIA,32,23,13,10,4,2.1,0.7,2.2,31.4,0,0.5,8.3,0.7,0.8,83.3,0,0.3,0.3,0.5,0.3,0.1,0.1,0.3,3.4,9,3,0.6
Jock Landale,SAS,26,9,4,5,1,0,0,0.2,0,0,0.1,0,0,0,0,0.1,0.2,0.3,0,0.1,0,0,0.1,0.3,1,0,-1
Joe Harris,BKN,30,5,4,1,2.4,0.8,0.4,0.4,100,0,0,0,0,0,0,0,0,0,0,0.2,0,0,0.2,0.6,0,0,3.2
Joe Ingles,POR,34,11,1,10,1.9,0.2,0.1,0.4,25,0,0.3,0,0,0,0,0,0,0,0.2,0,0.1,0,0.2,0.7,0,0,-1.5
Joe Wieskamp,SAS,22,3,0,3,1.5,0.3,0,0.3,0,0,0,0,0.3,0.7,50,0,0,0,0,0,0,0,0,0.3,0,0,-2
Joel Embiid,PHI,28,36,20,16,4.1,4.4,1.3,2.8,47,0.3,0.7,45.8,1.5,1.9,76.8,0.3,1,1.3,0.5,0.3,0.2,0.4,0.6,8,27,0,0.6
John Collins,ATL,24,21,8,13,3.2,0.7,0.3,0.8,37.5,0,0.2,0,0.1,0.3,50,0.2,1,1.2,0.2,0,0,0,0.3,2.6,8,0,-2.2
John Konchar,MEM,26,8,5,3,1.7,0.4,0.1,0.1,100,0.1,0.1,100,0,0,0,0,0.1,0.1,0,0,0,0,0.1,0.5,1,0,1.5
Jonas Valanciunas,NOP,30,28,13,15,3.5,1.9,0.6,1,66.7,0,0,100,0.5,0.6,93.8,0.5,0.6,1.1,0.4,0.3,0,0.2,0.6,4.1,23,0,0.3
Jonathan Kuminga,GSW,19,9,3,6,2.5,1.1,0.4,0.8,57.1,0,0,0,0.2,0.2,100,0.3,0.2,0.6,0.1,0.2,0,0,0.8,1.7,0,0,0.1
Jordan Clarkson,UTA,30,23,7,16,1.3,0.3,0.1,0.3,28.6,0,0.2,0,0.1,0.1,100,0,0.1,0.1,0,0,0,0,0.1,0.4,0,0,-1.1
Jordan McLaughlin,MIN,26,6,5,1,0.6,0.2,0,0.2,0,0,0.2,0,0.2,0.3,50,0,0,0,0,0,0,0,0,0.2,0,0,1
Jordan Nwora,MIL,23,11,4,7,2.3,0.6,0.3,0.5,50,0.1,0.2,50,0,0,0,0.2,0.2,0.4,0,0.1,0,0,0.3,1,1,0,0.9
Jordan Poole,GSW,23,33,17,16,2.3,1.5,0.4,1.1,33.3,0.1,0.6,20,0.6,0.7,95.5,0,0.2,0.3,0.1,0.1,0,0,0.3,2,1,0,1
Jose Alvarado,NOP,24,5,1,4,2.5,1.2,0.4,0.8,50,0,0.2,0,0.4,0.4,100,0,0.8,0.8,0.4,0,0,0,0.2,2.8,0,0,-1
Josh Christopher,HOU,20,13,5,8,1.4,0.5,0.2,0.5,33.3,0.1,0.3,25,0.1,0.1,100,0,0.3,0.3,0.2,0.2,0.1,0,0.5,1.1,0,0,-0.2
Josh Giddey,OKC,19,29,12,17,2.9,0.8,0.3,1,27.6,0,0.3,11.1,0.2,0.4,58.3,0.1,0.5,0.6,0.7,0.3,0,0,0.2,2.3,14,4,-0.6
Josh Green,DAL,21,5,2,3,1.5,0.4,0.2,0.2,100,0,0,0,0,0.4,0,0.2,0,0.2,0,0,0,0.2,0,1.2,1,0,-1.6
Josh Hart,POR,27,20,9,11,4,1.8,0.5,1,45,0.1,0.3,40,0.8,0.8,93.8,0.4,0.8,1.1,0.4,0.2,0,0,0.6,3.4,6,0,-1.2
Josh Jackson,SAC,25,5,1,4,1.5,0,0,0.2,0,0,0,0,0,0,0,0,0.6,0.6,0,0,0,0,0,0.7,0,0,2
Josh Okogie,MIN,23,5,1,4,2.6,0.4,0.2,0.4,50,0,0.2,0,0,0,0,0.2,0,0.2,0,0,0,0.4,0.6,1.8,0,0,-3
Josh Richardson,SAS,28,23,13,10,3.7,0.8,0.3,0.7,37.5,0.1,0.2,60,0.2,0.3,66.7,0.1,0.3,0.4,0.2,0.1,0,0,0.5,1.6,0,0,0.1
Joshua Primo,SAS,19,11,4,7,2.8,0.7,0.2,1,18.2,0.2,0.5,33.3,0.2,0.3,66.7,0.5,0,0.5,0.1,0.1,0,0.1,0.7,1.6,0,0,-1.8
Jrue Holiday,MIL,32,33,23,10,3.1,2,0.7,1.5,50,0.2,0.5,35.3,0.3,0.5,68.8,0.2,0.6,0.8,0.4,0.2,0.2,0,0.3,3.9,4,0,2
Juan Toscano-Anderson,GSW,29,13,8,5,2.3,1,0.4,0.7,55.6,0.1,0.2,33.3,0.2,0.2,66.7,0.2,0.5,0.6,0.2,0.1,0.1,0,0.3,2.2,0,0,0.3
Juancho Hernangomez,UTA,26,1,0,1,0,0,0,0,0,0,0,0,0,0,0,0,0,0,0,0,0,0,0,0,0,0,0
Julius Randle,NYK,27,37,15,22,3.5,1.7,0.5,1.3,37.5,0.1,0.4,20,0.6,0.9,67.6,0.2,0.7,0.9,0.4,0.3,0,0.1,0.5,3.3,20,1,-1.4
Justin Anderson,IND,28,3,0,3,2.1,0,0,0.3,0,0,0,0,0,0,0,0,0,0,0,0,0,0,0.3,0,0,0,-3
Justin Champagnie,TOR,21,5,3,2,1.2,0.4,0.2,0.2,100,0,0,0,0,0,0,0.4,0,0.4,0,0.2,0,0,0.2,0.7,0,0,0.8
Justin Holiday,SAC,33,31,8,23,3.5,0.8,0.2,0.7,31.8,0.1,0.5,20,0.3,0.3,88.9,0.1,0.3,0.4,0.2,0.1,0.1,0,0.4,1.8,0,0,-2.1
Justin Jackson,PHX,27,1,1,0,0.4,0,0,1,0,0,1,0,0,0,0,0,0,0,0,0,0,0,0,0,0,0,-2
Justin Robinson,DET,24,3,2,1,1.9,0,0,0.3,0,0,0.3,0,0,0,0,0,0.3,0.3,0,0,0,0,0.7,0.4,0,0,0
Justise Winslow,POR,26,14,9,5,2.2,1.1,0.3,0.6,44.4,0,0.1,0,0.5,0.7,70,0.4,0.3,0.6,0.4,0.1,0.1,0,0.2,2.7,1,0,1
Jusuf Nurkic,POR,27,22,10,12,3.2,2.1,0.9,1.4,63.3,0,0,0,0.4,0.5,75,0.7,1,1.6,0.2,0,0.1,0,0.4,4.7,14,0,1.7
KZ Okpala,MIA,23,1,1,0,2.3,3,1,1,100,1,1,100,0,0,0,0,0,0,0,0,0,0,0,3,0,0,6
Karl-Anthony Towns,MIN,26,31,18,13,3,1.6,0.6,1.4,45.2,0.2,0.6,38.9,0.2,0.2,71.4,0.2,0.6,0.8,0.1,0.2,0.1,0.3,0.4,3.6,18,0,0.9
Keifer Sykes,IND,28,5,1,4,2.6,1,0.4,0.8,50,0.2,0.4,50,0,0,0,0,0.2,0.2,0,0,0,0,0.2,1.2,0,0,-1.8
Keita Bates-Diop,SAS,26,11,2,9,2.9,0.6,0.3,0.4,75,0.1,0.1,100,0,0,0,0,0.5,0.5,0,0.3,0.2,0,0.5,1.5,1,0,-2.5
Kelan Martin,BOS,26,8,1,7,1.8,0.3,0.1,0.8,16.7,0,0.6,0,0,0,0,0.1,0,0.1,0,0,0,0,0.3,0.4,0,0,-2.6
Keldon Johnson,SAS,22,33,15,18,3.3,1.1,0.4,1.3,27.3,0.1,0.6,15.8,0.3,0.4,69.2,0.1,0.4,0.5,0.1,0,0.1,0,0.2,2.4,3,0,-0.6
Keljin Blevins,POR,26,2,0,2,0.9,0,0,0.5,0,0,0.5,0,0,0,0,0,0.5,0.5,0,0,0,0,0,0.6,0,0,-1.5
Kelly Olynyk,DET,31,11,6,5,0.5,0.3,0.1,0.1,100,0,0,0,0.1,0.2,50,0,0.2,0.2,0,0.2,0,0,0.3,0.3,1,0,1
Kelly Oubre Jr.,CHA,26,22,8,14,3.3,1.5,0.5,1.3,41.4,0.3,0.7,43.8,0,0.1,50,0,0.3,0.3,0,0,0,0,0.4,2,1,0,-0.2
Kemba Walker,NYK,32,11,6,5,2.5,0.7,0.2,1.3,14.3,0.2,0.6,28.6,0.2,0.2,100,0.2,0.5,0.6,0.5,0.2,0,0,0.5,2,0,0,-1
Kenrich Williams,OKC,27,22,12,10,2.5,0.8,0.4,0.5,72.7,0.1,0.1,100,0,0,0,0.2,0.2,0.4,0.2,0,0,0,0.3,1.7,0,0,1.4
Kent Bazemore,LAL,32,5,3,2,2.7,0.6,0.2,0.4,50,0.2,0.2,100,0,0,0,0,0.2,0.2,0,0,0.4,0,1,2,0,0,-0.4
Kentavious Caldwell-Pope,WAS,29,37,23,14,4.2,1.5,0.5,1,50,0.3,0.6,43.5,0.2,0.2,88.9,0,0.4,0.4,0.1,0.2,0.1,0.1,0.3,2.4,2,0,1.1
Kenyon Martin Jr.,HOU,21,11,4,7,3,0.2,0.1,0.5,20,0,0.4,0,0,0,0,0,0.5,0.5,0,0,0,0.3,0.5,1.7,1,0,-1
Keon Johnson,POR,20,5,0,5,3,1,0.4,0.8,50,0.2,0.6,33.3,0,0.2,0,0.2,0.2,0.4,0,0.4,0.2,0,0.2,1.7,0,0,-4.4
Kessler Edwards,BKN,21,11,3,8,3.2,0.3,0.1,0.6,14.3,0,0.5,0,0.1,0.2,50,0.1,0.5,0.5,0,0,0.1,0.2,0.5,1.7,1,0,-1.1
Kevin Durant,BKN,33,28,17,11,4.1,3.9,1.3,3.2,41.6,0.3,1,28.6,1,1,93.1,0.1,0.9,1,0.5,0.2,0,0.1,0.4,6.1,13,3,1
Kevin Huerter,ATL,23,27,13,14,3.3,0.7,0.3,0.6,46.7,0.1,0.3,37.5,0.1,0.1,75,0.1,0.7,0.8,0.3,0.1,0.1,0.1,0.4,2.5,1,0,-0.7
Kevin Knox II,ATL,22,1,0,1,0.4,0,0,0,0,0,0,0,0,0,0,0,0,0,0,0,0,0,0,0,0,0,-3
Kevin Love,CLE,33,16,8,8,1.6,1,0.3,0.8,38.5,0.2,0.4,42.9,0.2,0.2,100,0.3,0.3,0.5,0.1,0.3,0,0,0.1,1.4,4,0,-0.3
Kevin Pangos,CLE,29,2,1,1,0.1,1,0,0.5,0,0,0.5,0,1,1,100,0,0,0,0,0,0,0,0,1,0,0,1.5
Kevin Porter Jr.,HOU,22,22,9,13,3.9,1.5,0.5,1.5,31.3,0.2,0.6,28.6,0.5,0.6,76.9,0.1,0.4,0.5,0.5,0.4,0,0,0.5,2.5,7,1,-0.7
Kevon Looney,GSW,26,27,17,10,2,0.7,0.3,0.4,80,0,0,0,0.1,0.2,33.3,0.2,0.2,0.4,0,0.1,0,0,0.3,1.3,2,0,-0.1
Khem Birch,TOR,29,9,6,3,2.8,0.8,0.2,0.8,28.6,0,0.1,0,0.3,0.4,75,0.8,0,0.8,0.1,0,0,0,0.1,1.9,0,0,1
Khris Middleton,MIL,30,34,21,13,2.6,2,0.6,1.3,44.2,0.2,0.6,40,0.6,0.7,88,0.1,0.6,0.6,0.2,0.2,0.1,0,0.4,3.2,3,0,1.1
Killian Hayes,DET,20,23,10,13,2.6,0.3,0.1,0.3,28.6,0,0.2,0,0.1,0.2,50,0.2,0.3,0.4,0.3,0.1,0,0.1,0.5,1.3,1,0,-1.5
Killian Tillie,MEM,24,2,2,0,0.8,0,0,0,0,0,0,0,0,0,0,0,0,0,0,0,0.5,0,0,1.5,0,0,3
Klay Thompson,GSW,32,16,5,11,3.5,1.6,0.6,1.7,33.3,0.3,1.3,25,0.1,0.1,100,0,0.4,0.4,0.2,0.1,0.1,0.1,0.3,2.5,0,0,-0.8
Kris Dunn,POR,28,6,1,5,1.7,0,0,0.8,0,0,0.5,0,0,0,0,0,0.2,0.2,0,0,0,0,0.2,0.2,0,0,-2.5
Kristaps Porzingis,WAS,26,20,9,11,3.2,2.5,1,1.7,60.6,0.1,0.3,16.7,0.4,0.4,100,0.4,0.4,0.8,0.2,0.4,0.1,0.3,0.5,4.4,6,0,-0.7
Kyle Anderson,MEM,28,19,13,6,2.4,0.3,0.1,0.5,22.2,0,0.1,0,0.1,0.1,100,0.5,0.5,0.9,0.3,0,0,0.2,0.3,2.4,0,0,1.3
Kyle Guy,MIA,24,3,1,2,0.5,0,0,0,0,0,0,0,0,0,0,0,0,0,0,0,0,0,0,0,0,0,-0.7
Kyle Kuzma,WAS,26,36,22,14,3.9,2.6,0.8,1.9,40.6,0.5,1.2,39.5,0.6,0.7,80.8,0.1,0.8,0.9,0.3,0.2,0,0.1,0.3,4.3,17,1,1.1
Kyle Lowry,MIA,36,26,16,10,3.5,2,0.7,1.5,50,0.2,0.7,27.8,0.4,0.5,76.9,0.1,0.4,0.5,0.4,0.2,0.2,0,0.3,3.4,8,1,0.4
Kyrie Irving,BKN,30,15,5,10,3.5,2.7,0.7,2.1,35.5,0.2,0.8,25,1,1.1,88.2,0.1,0.3,0.4,0.5,0.1,0,0.1,0.2,3.9,1,0,0.3
LaMarcus Aldridge,BKN,36,16,10,6,3.5,1.8,0.6,1.3,45,0,0,0,0.7,0.8,84.6,0.6,0.6,1.1,0.2,0,0.1,0.3,0.4,4.4,2,0,1.9
LaMelo Ball,CHA,20,31,16,15,4,1.6,0.4,1.6,26.5,0.1,0.8,16,0.6,0.7,86.4,0.1,0.5,0.6,0.9,0.2,0.1,0.1,0.6,4,12,3,-0.1
Lamar Stevens,CLE,24,14,7,7,1.5,0.4,0.1,0.3,25,0,0.1,0,0.2,0.4,60,0,0.4,0.4,0.1,0,0,0.2,0.2,1.6,0,0,0.7
Lance Stephenson,IND,31,7,1,6,4.1,1,0.3,1.6,18.2,0.3,0.9,33.3,0.1,0.1,100,0.1,0.4,0.6,0.6,0,0.1,0,0.6,3,1,0,-2.7
Landry Shamet,PHX,25,12,9,3,2.1,0.8,0.2,0.7,25,0.1,0.5,16.7,0.3,0.4,80,0,0,0,0.1,0.2,0,0,0.1,0.7,0,0,0.6
Langston Galloway,MIL,30,1,0,1,0.8,0,0,0,0,0,0,0,0,0,0,0,0,0,0,0,0,0,0,0,0,0,5
Larry Nance Jr.,NOP,29,13,7,6,1.4,0.6,0.2,0.3,75,0,0.1,0,0.2,0.2,100,0.1,0.1,0.2,0,0,0,0,0,0.8,0,0,0.1
Lauri Markkanen,CLE,25,30,15,15,3.1,1.9,0.6,1.1,50,0.4,0.8,44,0.4,0.5,81.3,0.1,0.5,0.7,0.1,0,0.1,0.1,0.4,3.4,3,0,1.4
LeBron James,LAL,37,31,14,17,4.7,3.4,1.1,2.9,38.5,0.4,1.4,25.6,0.8,1.1,68.6,0.2,0.7,0.9,0.7,0.4,0.1,0.2,0.3,6.1,17,4,-0.9
Leandro Bolmaro,MIN,21,3,1,2,1.6,0.7,0.3,0.7,50,0,0,0,0,0,0,0.3,0,0.3,0,0,0,0,0,1.1,0,0,-2
Lindell Wigginton,MIL,24,2,1,1,0.4,0,0,0,0,0,0,0,0,0,0,0,0,0,0,0,0,0,0,0,0,0,-0.5
Lindy Waters III,OKC,24,2,0,2,2.6,1,0.5,1,50,0,0.5,0,0,0,0,0,0,0,0.5,0,0,0,0,1.8,0,0,-0.5
Lonnie Walker IV,SAS,23,20,7,13,3.4,1.6,0.5,1.1,40.9,0.2,0.6,36.4,0.5,0.8,66.7,0.2,0.2,0.3,0.3,0.1,0.1,0.1,0.4,2.7,0,0,-1.3
Lonzo Ball,CHI,24,16,10,6,3.2,0.4,0.1,0.7,18.2,0.1,0.5,12.5,0.1,0.1,100,0.4,0.5,0.9,0.1,0.3,0.2,0,0.4,1.9,1,0,1.6
Lou Williams,ATL,35,5,3,2,0.6,0,0,0,0,0,0,0,0,0,0,0,0,0,0.2,0,0,0,0,0.3,0,0,1.4
Luguentz Dort,OKC,23,25,12,13,3.5,2.6,0.8,1.8,43.2,0.2,0.8,31.6,0.8,0.9,91.3,0.1,0.2,0.3,0,0.1,0.2,0.2,0.7,3.8,0,0,-0.4
Luka Doncic,DAL,23,29,21,8,3.2,2.7,1,2.1,48.4,0.2,0.9,23.1,0.4,0.5,85.7,0,0.6,0.6,0.5,0.2,0.1,0,0.2,4.3,19,4,0.9
Luka Garza,DET,23,3,1,2,3.8,1.3,0.3,0.7,50,0,0,0,0.7,0.7,100,1.3,0,1.3,0,0.7,0,0,1,2.3,1,0,-1.7
Luke Kennard,LAC,26,35,19,16,2.8,1.1,0.3,0.5,61.1,0.3,0.4,66.7,0.2,0.2,85.7,0,0.2,0.2,0.2,0.1,0.1,0,0.1,1.7,0,0,0.7
Luke Kornet,BOS,26,1,0,1,0.4,0,0,0,0,0,0,0,0,0,0,0,0,0,0,0,0,0,1,0,0,0,-3
Mac McClung,LAL,23,1,1,0,5.9,2,1,1,100,0,0,0,0,0,0,0,0,0,0,2,0,0,2,0,0,0,10
Malachi Flynn,TOR,24,3,1,2,2,0,0,0.3,0,0,0,0,0,0,0,0,0.3,0.3,0,0,0,0,0.3,0.4,0,0,-1.7
Malcolm Brogdon,IND,29,17,5,12,4.9,3.5,1.2,2.9,42,0.3,0.9,31.3,0.8,0.8,92.9,0.2,0.7,0.9,0.6,0.4,0.2,0.1,0.3,6,5,1,-0.6
Malcolm Hill,CHI,26,2,0,2,1.3,1,0.5,1,50,0,0,0,0,0,0,0,0.5,0.5,0,0,0,0,0,1.6,0,0,1
Malik Beasley,MIN,25,22,9,13,2.4,0.8,0.2,0.8,29.4,0.2,0.6,28.6,0.1,0.1,100,0,0.2,0.2,0,0,0,0,0.1,1.3,0,0,-0.8
Malik Monk,LAL,24,38,18,20,3.6,1.6,0.5,1,48.7,0.2,0.6,42.9,0.3,0.6,57.1,0.1,0.4,0.4,0.1,0.2,0.1,0,0.3,2.2,1,0,-0.1
Mamadi Diakite,OKC,25,1,1,0,1.8,2,0,0,0,0,0,0,2,2,100,0,1,1,0,0,0,0,1,3.2,0,0,-2
Marcus Morris Sr.,LAC,32,24,14,10,3.7,1.7,0.5,1.1,46.2,0.3,0.6,40,0.4,0.6,71.4,0.1,0.2,0.3,0.1,0.2,0,0.1,0.3,2.4,1,0,0.8
Marcus Smart,BOS,28,28,11,17,4.6,1.5,0.4,1.2,30.3,0.2,0.6,31.3,0.6,0.7,84.2,0.1,0.5,0.6,0.4,0.3,0.3,0,0.4,3.3,1,0,0
Markieff Morris,MIA,32,1,0,1,0.4,0,0,1,0,0,1,0,0,0,0,0,0,0,0,0,0,0,0,0,0,0,0
Markus Howard,DEN,23,1,0,1,6.3,4,1,6,16.7,0,2,0,2,2,100,1,0,1,0,0,1,0,1,8.2,0,0,-8
Marquese Chriss,DAL,24,2,0,2,1.1,0,0,0.5,0,0,0.5,0,0,0,0,0,0,0,0,0,0.5,0,0.5,1.5,0,0,-2
Marvin Bagley III,DET,23,16,7,9,4.1,1.4,0.6,1,62.5,0.1,0.2,33.3,0.1,0.1,100,0.1,0.7,0.8,0.2,0.1,0.1,0.1,0.4,3,2,0,-0.9
Mason Jones,LAL,23,1,1,0,5.9,2,0,1,0,0,0,0,2,2,100,0,4,4,1,0,0,0,2,8.3,0,0,10
Mason Plumlee,CHA,32,24,12,12,2.6,0.8,0.4,0.4,90,0,0,0,0,0.1,0,0.1,0.4,0.5,0,0,0,0,0.5,1.6,4,0,-1.4
Matisse Thybulle,PHI,25,27,17,10,2.8,0.6,0.2,0.4,60,0,0.1,25,0.1,0.1,50,0.1,0.1,0.3,0.1,0,0.1,0,0.4,1.7,0,0,-0.9
Matt Thomas,CHI,27,5,3,2,0.4,0.2,0,0,0,0,0,0,0.2,0.2,100,0,0,0,0,0,0,0,0,0.2,0,0,1.4
Maurice Harkless,SAC,29,9,3,6,0.7,0,0,0,0,0,0,0,0,0,0,0,0,0,0,0,0,0,0.2,0,0,0,-1.7
Max Strus,MIA,26,19,12,7,2.7,0.9,0.3,0.6,41.7,0.3,0.5,50,0.2,0.2,100,0.1,0.4,0.5,0.1,0.1,0,0.1,0.4,1.9,0,0,1.6
Maxi Kleber,DAL,30,22,11,11,2.9,1,0.2,0.5,41.7,0.2,0.5,41.7,0.3,0.4,75,0.2,0.5,0.6,0.1,0.1,0.1,0.1,0.3,2.4,1,0,-0.5
McKinley Wright IV,MIN,23,1,0,1,4.3,0,0,0,0,0,0,0,0,0,0,0,0,0,2,0,0,0,0,3,0,0,-5
Micah Potter,DET,24,1,1,0,0,0,0,0,0,0,0,0,0,0,0,0,0,0,0,0,0,0,0,0,0,0,0
Michael Porter Jr.,DEN,24,3,2,1,3.6,0,0,1,0,0,0.7,0,0,0,0,0,1.3,1.3,0.3,0,0,0,0,2.1,1,0,3.7
Mikal Bridges,PHX,25,39,32,7,3,1.3,0.5,0.8,65.6,0.1,0.1,40,0.2,0.3,72.7,0.2,0.3,0.5,0.2,0.1,0.1,0.1,0.4,2.6,0,0,2.7
Mike Conley,UTA,34,34,16,18,3.6,2.3,0.7,1.5,48.1,0.4,0.8,50,0.4,0.5,77.8,0.1,0.3,0.4,0.4,0.1,0.2,0,0.4,4.1,1,0,0.4
Mike Muscala,OKC,30,17,8,9,2.4,1.6,0.5,0.9,53.3,0.3,0.6,50,0.4,0.6,70,0.1,0.5,0.6,0.1,0.1,0,0.1,0.4,2.5,0,0,-0.8
Miles Bridges,CHA,24,34,17,17,4.4,2.5,0.8,1.8,43.5,0.2,0.9,24.1,0.7,0.8,85.7,0.2,0.9,1,0.4,0.2,0.1,0.1,0.4,4.5,10,0,-0.5
Miles McBride,NYK,21,3,2,1,1.7,0,0,0.3,0,0,0.3,0,0,0,0,0,0.3,0.3,0.3,0,0,0,0,0.9,0,0,3.7
Mitchell Robinson,NYK,24,26,11,15,3.2,0.7,0.3,0.5,66.7,0,0,0,0.1,0.2,50,0.6,0.6,1.2,0,0,0,0.1,0.5,2.6,11,0,-1.7
Mo Bamba,ORL,24,20,7,13,3.7,1,0.4,0.9,47.1,0.2,0.4,37.5,0.1,0.1,100,0.5,1,1.4,0,0.2,0.1,0.4,0.3,3.9,10,0,0.5
Monte Morris,DEN,27,35,21,14,3.6,1.5,0.5,1.1,51.4,0.1,0.4,33.3,0.3,0.3,100,0.1,0.3,0.4,0.5,0.1,0.1,0,0.1,2.8,0,0,1.1
Montrezl Harrell,CHA,28,23,13,10,3.2,1.6,0.6,1,63.6,0,0.1,0,0.3,0.6,57.1,0.5,0.5,1,0.1,0.1,0,0.2,0.3,3.2,5,0,-0.6
Moritz Wagner,ORL,25,5,2,3,0.9,0,0,0.4,0,0,0.4,0,0,0,0,0,0.2,0.2,0,0.2,0,0.2,0.4,0.6,0,0,-3.2
Moses Brown,CLE,22,1,0,1,0,0,0,0,0,0,0,0,0,0,0,0,0,0,0,0,0,0,0,0,0,0,-2
Moses Moody,GSW,20,5,1,4,2.7,0.6,0.2,0.6,33.3,0,0,0,0.2,0.4,50,0.4,0.4,0.8,0,0,0.2,0,0.2,2.2,0,0,-2.6
Mychal Mulder,MIA,28,1,0,1,0,0,0,0,0,0,0,0,0,0,0,0,0,0,0,0,0,0,1,0,0,0,-1
Myles Turner,IND,26,19,4,15,2.8,0.5,0.2,0.6,33.3,0.1,0.4,28.6,0,0,0,0.2,0.4,0.6,0.1,0.1,0,0.1,0.3,1.4,5,0,-3.2
Naji Marshall,NOP,24,7,3,4,1.3,0.3,0,0.3,0,0,0.1,0,0.3,0.3,100,0.1,0,0.1,0,0,0.1,0,0.3,0.9,0,0,-2
Nassir Little,POR,22,12,7,5,2.2,0.5,0.1,0.3,33.3,0,0.2,0,0.3,0.3,100,0,0.3,0.3,0,0,0,0,0.2,0.8,0,0,2.4
Nathan Knight,MIN,24,1,0,1,4.3,3,1,5,20,0,1,0,1,2,50,0,2,2,0,0,0,0,1,5.4,0,0,-5
Naz Reid,MIN,22,15,7,8,1.6,0.5,0.2,0.5,42.9,0.1,0.2,33.3,0.1,0.1,50,0.1,0.3,0.5,0.1,0.1,0,0.1,0.3,1.3,1,0,-0.5
Neemias Queta,SAC,22,2,1,1,1.3,0,0,0,0,0,0,0,0,0,0,0,0,0,0,0,0,0,0,0,0,0,0
Nemanja Bjelica,GSW,34,8,5,3,0.7,0.4,0.1,0.4,33.3,0.1,0.4,33.3,0,0,0,0,0.3,0.3,0,0,0,0,0.3,0.7,1,0,0.3
Nerlens Noel,NYK,28,4,2,2,2.6,0,0,0,0,0,0,0,0,0,0,0.3,1,1.3,0.3,0,0,0.3,0.3,2.6,0,0,1
Nic Claxton,BKN,23,15,8,7,3,0.9,0.4,0.7,60,0,0,0,0.1,0.3,40,0.5,0.4,0.9,0.1,0,0.1,0.1,0.4,2.5,2,0,-0.9
Nickeil Alexander-Walker,UTA,23,13,3,10,1.9,0.5,0.2,0.5,28.6,0.1,0.3,25,0.2,0.2,100,0.1,0.2,0.2,0.1,0.1,0,0,0.2,0.9,2,0,-1.3
Nicolas Batum,LAC,33,23,14,9,2.5,1,0.3,0.6,61.5,0.3,0.6,61.5,0,0,0,0.1,0.3,0.3,0.2,0.2,0.2,0.1,0.2,2.4,0,0,1.2
Nikola Jokic,DEN,27,36,22,14,3.9,4,1.3,2.6,49.5,0.1,0.3,18.2,1.4,1.8,79.7,0.6,0.9,1.5,0.6,0.5,0.2,0.2,0.5,7.3,34,9,0.8
Nikola Vucevic,CHI,31,36,22,14,3.3,1.3,0.5,1.1,47.4,0.1,0.5,17.6,0.2,0.3,72.7,0.2,0.8,0.9,0,0.2,0,0.1,0.3,2.6,25,0,1.6
Norman Powell,LAC,29,19,6,13,3.1,1.7,0.4,0.8,53.3,0.2,0.3,50,0.7,0.9,82.4,0,0.2,0.2,0.2,0.1,0.2,0.1,0.4,3.1,0,0,-1
O.G. Anunoby,TOR,24,25,15,10,4.2,2.4,0.9,2,44,0.3,1,33.3,0.3,0.3,100,0.5,0.7,1.2,0.2,0.1,0.2,0.3,0.2,5.4,1,0,0.8
Obi Toppin,NYK,24,14,5,9,1.4,0.3,0.1,0.6,25,0,0.2,0,0,0,0,0.1,0.4,0.5,0,0,0,0.1,0.3,1.1,2,0,-1.9
Olivier Sarr,OKC,23,4,2,2,3.6,0.5,0.3,0.3,100,0,0,0,0,0,0,0.3,0.5,0.8,0,0,0,0,0.5,1.4,1,0,2.3
Omer Yurtseven,MIA,24,6,3,3,1.2,0.3,0.2,0.5,33.3,0,0,0,0,0,0,0.3,0.2,0.5,0,0,0,0,0,0.9,4,0,0
Onyeka Okongwu,ATL,21,8,4,4,3,1.3,0.6,0.6,100,0,0,0,0,0,0,0,0.1,0.1,0.1,0,0.1,0.3,0.1,2.7,0,0,1.9
Oshae Brissett,IND,24,26,7,19,3,0.7,0.2,0.6,31.3,0,0.3,14.3,0.3,0.6,53.3,0.3,0.5,0.8,0.1,0.1,0.1,0.2,0.4,2.7,5,0,-1.4
Otto Porter Jr.,GSW,29,25,14,11,3,0.7,0.2,0.4,54.5,0,0.2,25,0.2,0.2,80,0.2,0.6,0.8,0.2,0.2,0.1,0.1,0.2,2.4,4,0,0.4
P.J. Tucker,MIA,37,26,15,11,3.7,0.7,0.2,0.3,44.4,0.1,0.2,60,0.3,0.4,80,0.2,0.5,0.7,0,0.2,0.1,0,0.5,1.9,4,0,-0.2
P.J. Washington,CHA,23,22,11,11,4.6,2,0.8,1.5,54.5,0.3,0.7,40,0.1,0.2,75,0.3,0.4,0.7,0.5,0.1,0.2,0.1,0.7,4.5,3,0,0.5
PJ Dozier,DEN,25,4,2,2,2.7,0,0,0.3,0,0,0.3,0,0,0,0,0,0.5,0.5,0.3,0.3,0.5,0,1,2.2,0,0,-1
Pascal Siakam,TOR,28,38,22,16,4.1,1.7,0.6,1.4,40,0,0.1,20,0.5,0.7,66.7,0.3,0.8,1.1,0.5,0.1,0.2,0.2,0.6,4.8,18,1,1
Pat Connaughton,MIL,29,28,15,13,2.1,0.9,0.3,0.7,42.1,0.3,0.6,43.8,0,0,100,0.1,0.3,0.4,0.1,0,0.1,0,0.1,1.6,0,0,1
Patrick Beverley,MIN,33,25,14,11,2.6,1,0.3,0.6,50,0.1,0.2,50,0.3,0.6,50,0.2,0.4,0.6,0.2,0,0.1,0.2,0.4,2.9,1,0,1
Patrick Williams,CHI,20,4,4,0,2.9,2.5,0.8,1,75,0.3,0.3,100,0.8,0.8,100,0,0.8,0.8,0.3,0.3,0,0,0.3,3.5,1,0,3.5
Patty Mills,BKN,33,36,19,17,3.1,1,0.4,0.8,48.1,0.2,0.5,38.9,0.1,0.1,75,0.1,0.3,0.4,0.1,0.1,0.1,0,0.2,1.7,0,0,1.1
Paul George,LAC,32,14,9,5,3.1,2.8,0.9,1.9,48.1,0.3,0.8,36.4,0.6,0.6,100,0.1,0.9,1,0.7,0.1,0.1,0,0.3,5.3,3,0,2.3
Paul Millsap,PHI,37,6,3,3,0.7,0,0,0,0,0,0,0,0,0,0,0,0,0,0,0,0,0,0.2,0,0,0,1.7
Paul Reed,PHI,23,2,0,2,0,0,0,0,0,0,0,0,0,0,0,0,0,0,0,0,0,0,0,0,0,0,-1
Payton Pritchard,BOS,24,9,1,8,1.7,0,0,0,0,0,0,0,0,0,0,0.1,0,0.1,0.2,0,0.1,0,0.3,0.8,0,0,-1.9
Precious Achiuwa,TOR,22,17,12,5,2.5,0.6,0.2,0.6,27.3,0,0.2,0,0.3,0.8,38.5,0.3,0.2,0.5,0,0.1,0,0,0.4,1.2,2,0,2.2
Quentin Grimes,NYK,22,9,4,5,3.4,0.9,0.3,0.9,37.5,0.2,0.7,33.3,0,0,0,0.2,0.3,0.6,0,0,0,0,0.4,1.6,0,0,-3.1
Quinndary Weatherspoon,GSW,25,1,1,0,0.3,0,0,0,0,0,0,0,0,0,0,0,0,0,0,0,0,0,0,0,0,0,0
R.J. Hampton,ORL,21,9,4,5,4.2,1.3,0.4,0.8,57.1,0.1,0.3,33.3,0.3,0.3,100,0,0.4,0.4,0.6,0.1,0.2,0,0.4,3.3,0,0,0.8
RJ Barrett,NYK,22,31,14,17,3.3,2.2,0.7,1.7,43.4,0.3,0.5,47.1,0.5,0.6,78.9,0,0.4,0.5,0.2,0.2,0,0,0.2,2.9,2,0,-0.9
Rajon Rondo,CLE,36,7,4,3,2.5,0.6,0.1,0.6,25,0.1,0.4,33.3,0.1,0.1,100,0,0.3,0.3,0.1,0.1,0,0,0.3,1,0,0,1.1
Raul Neto,WAS,30,20,13,7,2.7,1.2,0.4,0.9,47.1,0.1,0.3,33.3,0.3,0.3,83.3,0.1,0.1,0.2,0.6,0.2,0.1,0.1,0.3,2.3,0,0,-0.9
Reggie Bullock,DAL,31,22,13,9,2.8,0.7,0.2,0.7,31.3,0.1,0.5,27.3,0.1,0.1,66.7,0.1,0.1,0.2,0,0,0,0,0.1,1.3,0,0,-0.5
Reggie Jackson,LAC,32,36,21,15,3.4,3,0.9,2.1,44,0.2,0.7,33.3,0.9,1.1,80.5,0.1,0.3,0.4,0.8,0.2,0.1,0,0.3,4.6,3,0,1
Reggie Perry,POR,22,1,0,1,0.3,0,0,0,0,0,0,0,0,0,0,0,0,0,0,0,0,0,0,0,0,0,-2
Richaun Holmes,SAC,28,17,6,11,2.6,0.6,0.1,0.2,33.3,0,0,0,0.5,0.5,100,0.1,0.5,0.6,0.1,0.1,0.1,0.1,0.3,1.7,5,0,-1.4
Ricky Rubio,IND,31,13,5,8,3.1,0.9,0.2,1.2,18.8,0.1,0.8,10,0.4,0.7,55.6,0.2,0.3,0.5,0.3,0.2,0.1,0.1,0.6,2.2,2,0,-1
Robert Covington,LAC,31,27,12,15,2.4,0.7,0.2,0.6,29.4,0.2,0.5,35.7,0.1,0.1,100,0.1,0.7,0.8,0,0,0.1,0.1,0.3,2.2,1,0,0
Robert Williams III,BOS,24,21,9,12,4.1,1.4,0.4,0.6,69.2,0,0,0,0.6,0.6,100,0.4,0.8,1.2,0,0.1,0.1,0.4,0.6,4.3,9,0,0.3
Robin Lopez,ORL,34,4,2,2,1,0,0,0.8,0,0,0,0,0,0,0,0.3,0,0.3,0.3,0,0,0.3,0,1.4,2,0,-1
Rodney Hood,LAC,29,1,0,1,1.8,0,0,0,0,0,0,0,0,0,0,0,0,0,0,0,0,0,1,0,0,0,-1
Rodney McGruder,DET,30,7,3,4,1.5,0,0,0.3,0,0,0.3,0,0,0,0,0,0.3,0.3,0,0.1,0,0,0.1,0.2,0,0,-0.7
Romeo Langford,SAS,22,5,1,4,2.3,0,0,0,0,0,0,0,0,0,0,0,0.2,0.2,0,0,0,0.2,0,0.8,0,0,-3.4
Royce O'Neale,UTA,29,39,17,22,3.3,0.2,0.1,0.4,14.3,0,0.2,11.1,0.1,0.1,60,0.2,0.4,0.6,0.4,0.1,0.1,0,0.3,1.5,2,0,-0.2
Rudy Gay,UTA,35,6,3,3,1.1,1.2,0.5,0.7,75,0.2,0.3,50,0,0.3,0,0,0,0,0,0,0,0,0.3,1.2,0,0,0.3
Rudy Gobert,UTA,30,33,14,19,3.8,2.1,0.5,0.8,72,0,0.1,0,1,1.4,71.1,0.6,1,1.6,0.1,0.2,0.1,0.3,0.5,5.2,25,0,-0.2
Rui Hachimura,WAS,24,9,4,5,1.1,0,0,0.1,0,0,0,0,0,0,0,0,0.2,0.2,0,0,0.1,0,0.2,0.6,0,0,-1.1
Russell Westbrook,LAL,33,44,19,25,4.1,2,0.8,1.8,43,0.1,0.3,20,0.4,0.6,64,0.3,0.6,1,0.7,0.4,0.1,0,0.7,4.1,19,9,-0.8
Ryan Arcidiacono,NYK,28,1,1,0,0.4,0,0,0,0,0,0,0,0,0,0,0,0,0,0,0,0,0,0,0,0,0,2
Saddiq Bey,DET,23,41,17,24,2.9,1.6,0.5,1.1,45.7,0.3,0.6,42.3,0.3,0.3,92.9,0.2,0.5,0.7,0.1,0.1,0.1,0,0.3,2.8,4,0,-1.4
Sam Hauser,BOS,24,3,1,2,0.4,0,0,0,0,0,0,0,0,0,0,0,0,0,0,0,0,0,0,0,0,0,0
Sandro Mamukelashvili,MIL,23,2,0,2,3.2,1,0.5,0.5,100,0,0,0,0,0,0,0.5,0.5,1,0.5,0,0,0.5,0,4.5,0,0,-3
Santi Aldama,MEM,21,1,1,0,1.5,0,0,0,0,0,0,0,0,0,0,0,0,0,0,0,0,0,0,0,0,0,3
Scottie Barnes,TOR,20,39,23,16,3.8,1.5,0.6,1.1,53.5,0,0.2,16.7,0.3,0.4,73.3,0.4,0.7,1.1,0.2,0.2,0.2,0.1,0.2,3.8,10,0,0.6
Semi Ojeleye,LAC,27,2,1,1,2.6,0,0,0.5,0,0,0,0,0,0,0,0,0,0,0,0,0,0,0.5,0,0,0,-4.5
Serge Ibaka,MIL,32,8,5,3,1.8,0,0,0.3,0,0,0.1,0,0,0,0,0.1,0.3,0.4,0.3,0,0,0.1,0.4,1.2,1,0,-0.5
Seth Curry,BKN,31,36,19,17,4,1.6,0.6,1,61.1,0.3,0.5,50,0.1,0.2,83.3,0,0.4,0.4,0.4,0.1,0.1,0,0.4,2.8,1,0,0.9
Shai Gilgeous-Alexander,OKC,23,25,11,14,3.5,3,1.1,2.4,44.3,0.2,0.8,21.1,0.7,1,72,0.1,0.6,0.7,0.6,0.3,0.1,0.1,0.4,5,2,0,-0.2
Shake Milton,PHI,25,7,4,3,3.6,0.9,0.3,0.7,40,0,0.3,0,0.3,0.3,100,0,0.6,0.6,0.1,0.1,0,0,0,1.6,0,0,-0.9
Skylar Mays,ATL,24,2,2,0,2.4,1,0.5,0.5,100,0,0,0,0,0,0,0,0.5,0.5,0.5,0.5,0,0,0,1.9,1,0,3
Solomon Hill,ATL,31,1,1,0,0.1,0,0,0,0,0,0,0,0,0,0,0,0,0,0,0,0,0,0,0,0,0,-2
Spencer Dinwiddie,DAL,29,30,22,8,3.6,1.9,0.6,1.3,48.7,0.3,0.6,52.9,0.3,0.4,69.2,0.1,0.2,0.4,0.7,0.1,0.1,0,0.2,3.7,5,1,2.5
Stanley Johnson,LAL,26,24,9,15,1.8,0.4,0.1,0.2,75,0,0,100,0.1,0.1,100,0.1,0.1,0.3,0.1,0,0.1,0,0.1,1,0,0,-0.8
Stephen Curry,GSW,34,29,17,12,3.4,2.7,0.9,2.6,36,0.2,1.3,17.9,0.6,0.7,90,0,0.6,0.6,0.6,0.2,0.1,0,0.4,4.5,9,2,0.1
Sterling Brown,DAL,27,7,2,5,1.2,0,0,0.3,0,0,0.3,0,0,0,0,0,0.1,0.1,0,0,0,0,0.3,0.2,1,0,-2.3
Steven Adams,MEM,28,19,12,7,3.1,0.5,0.2,0.2,100,0,0,0,0.2,0.2,75,0.4,0.4,0.7,0.3,0.2,0.1,0.1,0.2,2.2,4,0,0.7
Svi Mykhailiuk,TOR,25,3,1,2,2.6,0,0,0.3,0,0,0.3,0,0,0,0,0.3,0,0.3,0.3,0,0.3,0,0,1.9,0,0,-2.7
T.J. McConnell,IND,30,11,3,8,3.1,0.8,0.3,1.1,25,0,0.3,0,0.3,0.4,75,0,0.6,0.6,0.4,0,0,0,0,2.1,0,0,-2.4
Tacko Fall,CLE,26,1,0,1,0.1,0,0,0,0,0,0,0,0,0,0,0,0,0,0,0,0,0,0,0,0,0,-2
Taj Gibson,NYK,37,14,7,7,2,0.3,0.1,0.2,66.7,0,0,0,0,0,0,0.1,0.1,0.2,0.1,0.1,0.1,0.1,0.4,1,0,0,-0.3
Talen Horton-Tucker,LAL,21,23,10,13,2.2,0.3,0.1,0.4,30,0,0.1,0,0,0.1,33.3,0,0.1,0.1,0.1,0.1,0,0,0.3,0.5,1,0,0
Taurean Prince,MIN,28,7,5,2,2.2,0.6,0.1,0.1,100,0,0,0,0.3,0.3,100,0,0.3,0.3,0.1,0.1,0,0,0.3,1,0,0,0.3
Terance Mann,LAC,25,36,21,15,2.6,1,0.4,0.7,52,0.2,0.3,66.7,0.1,0.1,80,0.1,0.3,0.4,0.1,0.1,0.1,0,0.4,1.8,5,0,0.6
Terence Davis,SAC,25,7,3,4,3.1,2.1,0.9,1.7,50,0.1,0.9,16.7,0.3,0.3,100,0.1,0.9,1,0,0.1,0.1,0.1,0.7,4.1,0,0,-1.3
Terrence Ross,ORL,31,15,5,10,2.4,1.7,0.3,0.8,33.3,0.1,0.5,14.3,1.1,1.1,94.1,0.1,0.2,0.3,0,0,0.1,0.1,0.2,2.4,0,0,-1.2
Terry Rozier,CHA,28,29,14,15,4.2,2.6,0.9,2.1,40.3,0.4,1.3,33.3,0.4,0.6,81.3,0.1,0.4,0.4,0.3,0.1,0.1,0,0.3,3.8,1,0,0
Terry Taylor,IND,22,8,3,5,2,1.3,0.5,0.6,80,0,0,0,0.3,0.4,66.7,0.4,0.4,0.8,0.1,0.1,0.1,0,0.5,2.6,2,0,-1.6
Thaddeus Young,TOR,34,12,9,3,2.5,0.8,0.3,0.7,50,0,0.2,0,0.2,0.2,100,0.2,0.3,0.4,0,0,0,0.2,0.1,1.8,0,0,0.3
Thanasis Antetokounmpo,MIL,29,1,0,1,0.4,0,0,0,0,0,0,0,0,0,0,0,0,0,0,0,0,0,0,0,0,0,-2
Theo Maledon,OKC,21,7,2,5,2,1.3,0.4,0.7,60,0.1,0.3,50,0.3,0.3,100,0.1,0.1,0.3,0.3,0,0.1,0,0,2.5,1,0,-1.6
Theo Pinson,DAL,26,1,0,1,0.2,0,0,0,0,0,0,0,0,0,0,0,0,0,0,0,0,0,0,0,0,0,-3
Thomas Bryant,WAS,24,3,2,1,1.2,0.7,0.3,0.7,50,0,0.3,0,0,0,0,0,0.7,0.7,0,0.3,0,0,0,1.1,0,0,-0.3
Tim Frazier,CLE,31,1,0,1,7.2,2,1,2,50,0,0,0,0,0,0,0,0,0,1,2,0,0,2,1.5,0,0,-12
Tim Hardaway Jr.,DAL,30,18,9,9,3.2,1.3,0.4,1.2,38.1,0.3,0.7,38.5,0.2,0.3,50,0,0.1,0.1,0.3,0.1,0.1,0,0.3,2.1,0,0,-1.6
Timothe Luwawu-Cabarrot,ATL,27,8,3,5,2.4,0,0,0.5,0,0,0.3,0,0,0,0,0.3,0,0.3,0,0,0,0.1,0.6,0.7,0,0,-2.5
Tobias Harris,PHI,29,38,19,19,4,1.2,0.4,1.1,35,0.1,0.3,27.3,0.4,0.5,78.9,0.2,0.6,0.8,0.2,0.1,0,0,0.4,2.4,5,1,-0.1
Tomas Satoransky,WAS,30,7,4,3,2.1,0.7,0.1,0.3,50,0,0,0,0.4,0.4,100,0.1,0,0.1,0.7,0,0,0,0.1,2,0,0,1.4
Tony Bradley,CHI,24,4,0,4,0.2,0,0,0,0,0,0,0,0,0,0,0,0,0,0,0,0,0,0,0,0,0,0
Tony Snell,NOP,30,4,0,4,2.3,0,0,0,0,0,0,0,0,0,0,0,0,0,0,0,0,0,0.3,0,0,0,-2.5
Torrey Craig,PHX,31,23,9,14,3.1,0.5,0.2,0.7,29.4,0,0.2,0,0.1,0.1,100,0.3,0.4,0.7,0,0.1,0.1,0.1,0.5,2,2,0,-2.7
Trae Young,ATL,23,35,16,19,3.3,3.6,1,2.3,42.7,0.3,0.8,34.5,1.3,1.5,88.2,0.1,0.2,0.3,0.6,0.3,0.1,0,0.1,4.7,22,0,-0.5
Trayvon Palmer,DET,27,1,0,1,0.5,0,0,0,0,0,0,0,0,0,0,0,0,0,0,0,0,0,0,0,0,0,-3
Tre Jones,SAS,22,12,5,7,1.9,0.5,0.3,0.7,37.5,0,0,0,0,0,0,0,0.2,0.2,0.3,0,0.1,0.1,0.3,1.6,1,0,-1.9
Tre Mann,OKC,21,18,7,11,3.3,1.4,0.3,1.2,27.3,0.1,0.4,25,0.6,0.7,91.7,0,0.3,0.3,0.2,0,0.1,0,0.2,2.3,0,0,0.2
Trendon Watford,POR,21,6,2,4,2,0.5,0.2,0.8,20,0,0,0,0.2,0.3,50,0.7,0.3,1,0,0,0.2,0.2,0.3,2.7,0,0,0
Trent Forrest,UTA,24,2,1,1,2.1,0.5,0,0,0,0,0,0,0.5,1,50,0,0,0,0.5,0,0,0,0.5,1.3,0,0,-0.5
Trevor Ariza,LAL,37,3,1,2,3.7,2,0.7,1,66.7,0.3,0.7,50,0.3,0.7,50,0,0.7,0.7,0.3,0,0,0,0,3.3,0,0,1
Trey Burke,DAL,29,1,0,1,1.8,0,0,2,0,0,2,0,0,0,0,0,0,0,0,0,0,0,0,0,0,0,-6
Trey Lyles,SAC,26,16,9,7,3.3,1.3,0.3,0.6,55.6,0,0.1,0,0.6,0.6,100,0.1,0.6,0.7,0.1,0,0.1,0.1,0.4,2.5,3,0,-0.4
Trey Murphy III,NOP,22,11,4,7,1.9,0,0,0.4,0,0,0.3,0,0,0,0,0.1,0.2,0.3,0.1,0,0,0,0.2,0.5,0,0,0.5
Tristan Thompson,CHI,31,7,3,4,2.2,0.6,0.3,0.7,40,0,0,0,0,0,0,0.6,0.1,0.7,0.1,0,0,0,0,1.6,0,0,-1.3
Troy Brown Jr.,CHI,22,7,6,1,1.4,0,0,0.1,0,0,0,0,0,0,0,0.1,0.3,0.4,0.3,0,0,0,0.1,0.9,1,0,2.6
Ty Jerome,OKC,24,11,2,9,0.5,0.3,0.1,0.1,100,0.1,0.1,100,0,0.2,0,0,0,0,0,0,0.1,0,0.2,0.5,0,0,0.7
Tyler Herro,MIA,22,25,14,11,3.8,2.3,0.7,2,36,0.4,1,38.5,0.5,0.6,75,0.1,0.5,0.6,0.2,0.2,0,0,0.2,3.5,2,0,0.4
Tyler Johnson,SAS,30,1,0,1,0.4,0,0,0,0,0,0,0,0,0,0,0,0,0,0,0,0,0,0,0,0,0,0
Tyrese Haliburton,IND,22,36,12,24,3.7,1.4,0.4,1.2,38.1,0.2,0.7,33.3,0.3,0.3,81.8,0.1,0.2,0.3,0.4,0.1,0.2,0.1,0.2,3.1,11,0,-0.9
Tyrese Maxey,PHI,21,41,21,20,3.8,1.4,0.4,1.2,36.7,0.1,0.3,33.3,0.4,0.5,81.8,0,0.2,0.3,0.3,0.1,0,0,0.3,2.3,0,0,0.2
Tyrone Wallace,NOP,28,1,1,0,0.3,0,0,0,0,0,0,0,0,0,0,0,0,0,0,0,0,0,0,0,0,0,-2
Tyus Jones,MEM,26,15,11,4,2.6,0.9,0.3,0.5,57.1,0.1,0.1,100,0.3,0.3,100,0.1,0.3,0.4,0.3,0.1,0.1,0,0,2,0,0,1.9
Udoka Azubuike,UTA,22,1,1,0,3.9,2,1,1,100,0,0,0,0,0,0,0,4,4,0,0,0,0,1,6.8,0,0,6
Udonis Haslem,MIA,42,1,1,0,5.2,0,0,0,0,0,0,0,0,0,0,0,3,3,0,0,0,0,0,3.6,0,0,3
Usman Garuba,HOU,20,2,0,2,3.2,1,0.5,0.5,100,0,0,0,0,0,0,0,0,0,0,0,0,0.5,0,2.5,0,0,-4.5
Victor Oladipo,MIA,30,1,1,0,2.3,4,1,1,100,1,1,100,1,2,50,0,0,0,0,0,0,0,0,4,0,0,9
Vit Krejci,OKC,22,6,2,4,2,0.5,0.2,0.3,50,0.2,0.2,100,0,0,0,0,0.3,0.3,0.2,0,0,0,0.3,1.2,0,0,-0.3
Vlatko Cancar,DEN,25,1,0,1,6.3,0,0,0,0,0,0,0,0,2,0,0,1,1,0,0,0,0,2,1.2,0,0,-8
Wayne Ellington,LAL,34,10,5,5,3,0.6,0.2,0.6,33.3,0.2,0.6,33.3,0,0,0,0.1,0.2,0.3,0.3,0,0.1,0,0,1.7,0,0,2.3
Wayne Selden,NYK,27,1,0,1,0.8,0,0,0,0,0,0,0,0,0,0,0,0,0,0,0,0,0,0,0,0,0,-2
Wendell Carter Jr.,ORL,23,24,10,14,3.9,0.9,0.2,0.9,23.8,0,0.3,0,0.5,0.8,66.7,0.1,1.3,1.4,0.2,0.1,0,0.1,0.4,3.1,16,0,0.4
Wenyen Gabriel,LAL,25,5,4,1,2.4,0,0,0.2,0,0,0,0,0,0,0,0.2,0.4,0.6,0.2,0,0,0.2,0.6,1.6,1,0,3.2
Wes Iwundu,ATL,27,2,2,0,3.2,0,0,0.5,0,0,0,0,0,0,0,0,0.5,0.5,0,0,0,0,0.5,0.6,0,0,5.5
Wesley Matthews,MIL,35,18,11,7,2.7,0.6,0.2,0.4,50,0.2,0.4,42.9,0,0,0,0.1,0.2,0.2,0.1,0,0.1,0,0.3,1.1,0,0,0.2
Will Barton,DEN,31,31,18,13,4,1.3,0.4,1.5,27.7,0.2,0.8,20,0.3,0.5,71.4,0.1,0.6,0.7,0.3,0.1,0.1,0,0.2,2.8,1,0,0.3
Willy Hernangomez,NOP,28,4,1,3,2.5,0,0,0.5,0,0,0,0,0,0,0,0,0.5,0.5,0,0,0.3,0,0.5,1.4,0,0,-2.3
Xavier Moon,LAC,27,1,1,0,0.1,0,0,0,0,0,0,0,0,0,0,0,0,0,0,0,0,0,0,0,0,0,2
Xavier Tillman,MEM,23,3,1,2,1.3,0,0,0,0,0,0,0,0,0,0,0,0,0,0,0,0,0,0,0,0,0,-1.7
Yuta Watanabe,TOR,27,6,2,4,1.3,0,0,0.3,0,0,0.2,0,0,0,0,0,0.2,0.2,0,0,0,0,0,0.2,0,0,-1.3
Zach Collins,SAS,24,7,5,2,0.4,0,0,0,0,0,0,0,0,0,0,0,0.1,0.1,0,0,0,0.1,0,0.6,0,0,0.3
Zach LaVine,CHI,27,31,18,13,3.6,3,0.9,1.9,49.2,0.2,0.6,33.3,0.9,1,96.7,0,0.5,0.6,0.1,0.1,0,0,0.4,4,0,0,0.6
Zavier Simpson,OKC,25,1,1,0,3.2,2,1,1,100,0,0,0,0,0,0,0,0,0,1,0,0,1,0,6.5,0,0,10
Zeke Nnaji,DEN,21,6,2,4,3.8,0,0,0.5,0,0,0.3,0,0,0,0,0,0.3,0.3,0,0.2,0,0,0.5,0.2,0,0,-3.8
Ziaire Williams,MEM,20,14,9,5,2.1,0.3,0.1,0.6,12.5,0,0.4,0,0.1,0.1,100,0.1,0.3,0.4,0,0,0.1,0,0.2,0.9,0,0,-0.4